file,subset,label,duration_s,segments
a0001.wav,training-a,-1,35.67,34
a0002.wav,training-a,-1,20.83,19
a0003.wav,training-a,-1,30.72,29
a0004.wav,training-a,-1,35.6,34
a0005.wav,training-a,-1,35.67,34
a0006.wav,training-a,-1,20.76,19
a0007.wav,training-a,1,35.67,34
a0008.wav,training-a,-1,35.81,34
a0009.wav,training-a,1,35.81,34
a0010.wav,training-a,-1,35.74,34
a0011.wav,training-a,1,35.6,34
a0012.wav,training-a,1,30.86,29
a0013.wav,training-a,-1,35.67,34
a0014.wav,training-a,-1,35.74,34
a0015.wav,training-a,-1,35.74,34
a0016.wav,training-a,1,30.79,29
a0017.wav,training-a,-1,35.67,34
a0018.wav,training-a,-1,20.9,19
a0019.wav,training-a,1,30.86,29
a0020.wav,training-a,-1,35.67,34
a0021.wav,training-a,-1,35.6,34
a0022.wav,training-a,-1,36.15,35
a0023.wav,training-a,-1,30.58,29
a0024.wav,training-a,-1,20.69,19
a0025.wav,training-a,1,31.14,30
a0026.wav,training-a,-1,35.6,34
a0027.wav,training-a,1,31.14,30
a0028.wav,training-a,1,30.86,29
a0029.wav,training-a,1,30.72,29
a0030.wav,training-a,-1,36.22,35
a0031.wav,training-a,-1,35.6,34
a0032.wav,training-a,1,35.67,34
a0033.wav,training-a,-1,35.67,34
a0034.wav,training-a,-1,30.58,29
a0035.wav,training-a,1,28.98,27
a0036.wav,training-a,-1,35.94,34
a0037.wav,training-a,-1,35.74,34
a0038.wav,training-a,1,34.63,33
a0039.wav,training-a,-1,30.72,29
a0040.wav,training-a,-1,35.67,34
a0041.wav,training-a,-1,35.11,34
a0042.wav,training-a,-1,36.15,35
a0043.wav,training-a,-1,35.6,34
a0044.wav,training-a,-1,30.65,29
a0045.wav,training-a,-1,35.88,34
a0046.wav,training-a,-1,35.74,34
a0047.wav,training-a,-1,35.6,34
a0048.wav,training-a,-1,36.22,35
a0049.wav,training-a,1,30.86,29
a0050.wav,training-a,1,30.65,29
a0051.wav,training-a,-1,35.6,34
a0052.wav,training-a,-1,35.74,34
a0053.wav,training-a,1,35.88,34
a0054.wav,training-a,-1,35.67,34
a0055.wav,training-a,1,35.67,34
a0056.wav,training-a,-1,30.79,29
a0057.wav,training-a,-1,35.94,34
a0058.wav,training-a,-1,20.62,19
a0059.wav,training-a,-1,35.67,34
a0060.wav,training-a,-1,35.67,34
a0061.wav,training-a,-1,30.79,29
a0062.wav,training-a,-1,36.08,35
a0063.wav,training-a,-1,35.67,34
a0064.wav,training-a,-1,35.6,34
a0065.wav,training-a,-1,35.74,34
a0066.wav,training-a,-1,35.6,34
a0067.wav,training-a,-1,20.83,19
a0068.wav,training-a,1,35.74,34
a0069.wav,training-a,1,31.0,29
a0070.wav,training-a,1,30.79,29
a0071.wav,training-a,1,29.63,28
a0072.wav,training-a,-1,36.29,35
a0073.wav,training-a,-1,35.67,34
a0074.wav,training-a,-1,35.6,34
a0075.wav,training-a,-1,35.74,34
a0076.wav,training-a,-1,35.67,34
a0077.wav,training-a,-1,35.74,34
a0078.wav,training-a,-1,35.74,34
a0079.wav,training-a,-1,30.65,29
a0080.wav,training-a,1,31.0,29
a0081.wav,training-a,1,35.67,34
a0082.wav,training-a,-1,30.65,29
a0083.wav,training-a,-1,35.67,34
a0084.wav,training-a,-1,30.79,29
a0085.wav,training-a,1,30.86,29
a0086.wav,training-a,1,36.22,35
a0087.wav,training-a,-1,20.62,19
a0088.wav,training-a,1,36.01,35
a0089.wav,training-a,-1,20.97,19
a0090.wav,training-a,-1,20.41,19
a0091.wav,training-a,1,30.65,29
a0092.wav,training-a,-1,35.88,34
a0093.wav,training-a,1,30.72,29
a0094.wav,training-a,1,35.67,34
a0095.wav,training-a,-1,35.6,34
a0096.wav,training-a,-1,35.67,34
a0097.wav,training-a,-1,35.67,34
a0098.wav,training-a,-1,28.54,27
a0099.wav,training-a,-1,35.67,34
a0100.wav,training-a,-1,20.62,19
a0101.wav,training-a,-1,35.81,34
a0102.wav,training-a,1,35.6,34
a0103.wav,training-a,-1,20.9,19
a0104.wav,training-a,-1,20.62,19
a0105.wav,training-a,1,35.24,34
a0106.wav,training-a,1,35.67,34
a0107.wav,training-a,-1,36.29,35
a0108.wav,training-a,1,32.48,31
a0109.wav,training-a,1,30.65,29
a0110.wav,training-a,-1,35.6,34
a0111.wav,training-a,-1,35.67,34
a0112.wav,training-a,-1,36.15,35
a0113.wav,training-a,-1,36.15,35
a0114.wav,training-a,-1,35.74,34
a0115.wav,training-a,-1,36.01,35
a0116.wav,training-a,-1,20.69,19
a0117.wav,training-a,-1,35.11,34
a0118.wav,training-a,1,30.86,29
a0119.wav,training-a,-1,35.74,34
a0120.wav,training-a,-1,36.08,35
a0121.wav,training-a,-1,35.67,34
a0122.wav,training-a,-1,35.67,34
a0123.wav,training-a,-1,20.62,19
a0124.wav,training-a,-1,35.88,34
a0125.wav,training-a,1,35.67,34
a0126.wav,training-a,-1,35.67,34
a0127.wav,training-a,1,35.6,34
a0128.wav,training-a,-1,35.67,34
a0129.wav,training-a,1,36.29,35
a0130.wav,training-a,-1,35.6,34
a0131.wav,training-a,-1,19.46,18
a0132.wav,training-a,-1,30.62,29
a0133.wav,training-a,-1,36.15,35
a0134.wav,training-a,-1,35.94,34
a0135.wav,training-a,-1,35.6,34
a0136.wav,training-a,1,30.79,29
a0137.wav,training-a,-1,35.81,34
a0138.wav,training-a,-1,21.04,20
a0139.wav,training-a,1,31.14,30
a0140.wav,training-a,1,35.67,34
a0141.wav,training-a,1,30.86,29
a0142.wav,training-a,-1,35.67,34
a0143.wav,training-a,-1,35.67,34
a0144.wav,training-a,-1,36.29,35
a0145.wav,training-a,-1,36.29,35
a0146.wav,training-a,-1,30.65,29
a0147.wav,training-a,-1,35.67,34
a0148.wav,training-a,-1,36.08,35
a0149.wav,training-a,-1,35.81,34
a0150.wav,training-a,-1,36.01,35
a0151.wav,training-a,-1,35.6,34
a0152.wav,training-a,-1,35.6,34
a0153.wav,training-a,1,30.65,29
a0154.wav,training-a,1,30.86,29
a0155.wav,training-a,1,35.74,34
a0156.wav,training-a,-1,20.76,19
a0157.wav,training-a,-1,35.94,34
a0158.wav,training-a,-1,20.83,19
a0159.wav,training-a,-1,35.74,34
a0160.wav,training-a,-1,35.6,34
a0161.wav,training-a,1,35.88,34
a0162.wav,training-a,-1,20.62,19
a0163.wav,training-a,-1,30.65,29
a0164.wav,training-a,-1,36.29,35
a0165.wav,training-a,1,30.86,29
a0166.wav,training-a,-1,35.74,34
a0167.wav,training-a,-1,35.6,34
a0168.wav,training-a,-1,35.6,34
a0169.wav,training-a,-1,35.6,34
a0170.wav,training-a,-1,35.6,34
a0171.wav,training-a,1,35.6,34
a0172.wav,training-a,-1,35.74,34
a0173.wav,training-a,-1,20.69,19
a0174.wav,training-a,-1,21.18,20
a0175.wav,training-a,-1,30.58,29
a0176.wav,training-a,-1,35.67,34
a0177.wav,training-a,-1,35.74,34
a0178.wav,training-a,1,35.67,34
a0179.wav,training-a,1,30.86,29
a0180.wav,training-a,-1,36.01,35
a0181.wav,training-a,1,35.81,34
a0182.wav,training-a,-1,35.81,34
a0183.wav,training-a,-1,35.67,34
a0184.wav,training-a,1,35.6,34
a0185.wav,training-a,1,35.67,34
a0186.wav,training-a,-1,35.67,34
a0187.wav,training-a,-1,35.74,34
a0188.wav,training-a,-1,36.29,35
a0189.wav,training-a,1,36.01,35
a0190.wav,training-a,-1,35.6,34
a0191.wav,training-a,-1,36.22,35
a0192.wav,training-a,-1,35.88,34
a0193.wav,training-a,1,30.86,29
a0194.wav,training-a,-1,20.69,19
a0195.wav,training-a,1,30.86,29
a0196.wav,training-a,1,30.72,29
a0197.wav,training-a,-1,35.67,34
a0198.wav,training-a,-1,35.67,34
a0199.wav,training-a,1,35.88,34
a0200.wav,training-a,-1,36.01,35
a0201.wav,training-a,-1,35.6,34
a0202.wav,training-a,-1,36.15,35
a0203.wav,training-a,-1,35.88,34
a0204.wav,training-a,1,31.07,30
a0205.wav,training-a,-1,20.62,19
a0206.wav,training-a,-1,35.6,34
a0207.wav,training-a,-1,35.74,34
a0208.wav,training-a,1,33.23,32
a0209.wav,training-a,-1,35.6,34
a0210.wav,training-a,1,30.79,29
a0211.wav,training-a,1,30.65,29
a0212.wav,training-a,1,35.67,34
a0213.wav,training-a,-1,36.08,35
a0214.wav,training-a,-1,35.6,34
a0215.wav,training-a,-1,36.15,35
a0216.wav,training-a,-1,35.6,34
a0217.wav,training-a,-1,35.6,34
a0218.wav,training-a,-1,35.67,34
a0219.wav,training-a,-1,35.6,34
a0220.wav,training-a,-1,35.11,34
a0221.wav,training-a,-1,35.6,34
a0222.wav,training-a,-1,30.86,29
a0223.wav,training-a,-1,20.69,19
a0224.wav,training-a,-1,36.22,35
a0225.wav,training-a,-1,35.6,34
a0226.wav,training-a,-1,31.04,30
a0227.wav,training-a,1,30.65,29
a0228.wav,training-a,-1,27.17,26
a0229.wav,training-a,1,30.79,29
a0230.wav,training-a,-1,36.22,35
a0231.wav,training-a,1,30.86,29
a0232.wav,training-a,-1,36.22,35
a0233.wav,training-a,-1,35.67,34
a0234.wav,training-a,-1,35.67,34
a0235.wav,training-a,1,30.58,29
a0236.wav,training-a,-1,36.01,35
a0237.wav,training-a,-1,35.6,34
a0238.wav,training-a,1,9.27,8
a0239.wav,training-a,-1,20.9,19
a0240.wav,training-a,-1,35.67,34
a0241.wav,training-a,1,35.6,34
a0242.wav,training-a,-1,35.6,34
a0243.wav,training-a,1,36.22,35
a0244.wav,training-a,-1,35.6,34
a0245.wav,training-a,-1,35.74,34
a0246.wav,training-a,-1,35.67,34
a0247.wav,training-a,-1,35.67,34
a0248.wav,training-a,-1,30.53,29
a0249.wav,training-a,-1,35.67,34
a0250.wav,training-a,1,31.0,29
a0251.wav,training-a,-1,20.62,19
a0252.wav,training-a,-1,21.04,20
a0253.wav,training-a,1,35.81,34
a0254.wav,training-a,-1,31.33,30
a0255.wav,training-a,-1,35.81,34
a0256.wav,training-a,-1,20.83,19
a0257.wav,training-a,-1,35.81,34
a0258.wav,training-a,-1,35.74,34
a0259.wav,training-a,-1,35.94,34
a0260.wav,training-a,-1,35.74,34
a0261.wav,training-a,-1,35.6,34
a0262.wav,training-a,-1,35.67,34
a0263.wav,training-a,-1,30.79,29
a0264.wav,training-a,1,30.79,29
a0265.wav,training-a,-1,20.97,19
a0266.wav,training-a,1,35.6,34
a0267.wav,training-a,-1,20.69,19
a0268.wav,training-a,-1,30.86,29
a0269.wav,training-a,-1,35.6,34
a0270.wav,training-a,1,30.79,29
a0271.wav,training-a,1,30.86,29
a0272.wav,training-a,-1,35.88,34
a0273.wav,training-a,-1,35.81,34
a0274.wav,training-a,1,36.22,35
a0275.wav,training-a,-1,30.86,29
a0276.wav,training-a,-1,35.81,34
a0277.wav,training-a,-1,31.14,30
a0278.wav,training-a,-1,35.6,34
a0279.wav,training-a,-1,35.6,34
a0280.wav,training-a,-1,35.74,34
a0281.wav,training-a,-1,28.57,27
a0282.wav,training-a,-1,35.74,34
a0283.wav,training-a,1,30.79,29
a0284.wav,training-a,-1,35.67,34
a0285.wav,training-a,1,35.67,34
a0286.wav,training-a,-1,35.67,34
a0287.wav,training-a,1,30.86,29
a0288.wav,training-a,-1,35.6,34
a0289.wav,training-a,1,30.86,29
a0290.wav,training-a,1,31.14,30
a0291.wav,training-a,-1,35.67,34
a0292.wav,training-a,-1,36.22,35
a0293.wav,training-a,1,30.72,29
a0294.wav,training-a,1,35.88,34
a0295.wav,training-a,-1,35.81,34
a0296.wav,training-a,-1,12.98,11
a0297.wav,training-a,-1,35.67,34
a0298.wav,training-a,1,31.0,29
a0299.wav,training-a,1,30.86,29
a0300.wav,training-a,-1,30.72,29
a0301.wav,training-a,1,30.79,29
a0302.wav,training-a,1,36.01,35
a0303.wav,training-a,-1,35.81,34
a0304.wav,training-a,1,35.67,34
a0305.wav,training-a,-1,35.74,34
a0306.wav,training-a,-1,30.65,29
a0307.wav,training-a,-1,34.16,33
a0308.wav,training-a,-1,32.94,31
a0309.wav,training-a,1,30.86,29
a0310.wav,training-a,1,30.86,29
a0311.wav,training-a,1,30.86,29
a0312.wav,training-a,-1,35.67,34
a0313.wav,training-a,-1,35.6,34
a0314.wav,training-a,-1,20.62,19
a0315.wav,training-a,-1,20.62,19
a0316.wav,training-a,-1,20.62,19
a0317.wav,training-a,-1,35.74,34
a0318.wav,training-a,-1,21.8,20
a0319.wav,training-a,-1,36.01,35
a0320.wav,training-a,-1,35.81,34
a0321.wav,training-a,-1,30.65,29
a0322.wav,training-a,-1,30.86,29
a0323.wav,training-a,1,20.62,19
a0324.wav,training-a,-1,36.5,35
a0325.wav,training-a,1,36.15,35
a0326.wav,training-a,-1,35.74,34
a0327.wav,training-a,-1,35.67,34
a0328.wav,training-a,1,30.72,29
a0329.wav,training-a,1,36.15,35
a0330.wav,training-a,1,35.67,34
a0331.wav,training-a,-1,28.56,27
a0332.wav,training-a,1,36.08,35
a0333.wav,training-a,-1,35.74,34
a0334.wav,training-a,1,35.67,34
a0335.wav,training-a,-1,36.29,35
a0336.wav,training-a,-1,12.79,11
a0337.wav,training-a,1,30.86,29
a0338.wav,training-a,-1,35.88,34
a0339.wav,training-a,-1,35.67,34
a0340.wav,training-a,1,35.6,34
a0341.wav,training-a,-1,33.36,32
a0342.wav,training-a,1,31.14,30
a0343.wav,training-a,-1,36.29,35
a0344.wav,training-a,-1,35.6,34
a0345.wav,training-a,-1,35.6,34
a0346.wav,training-a,-1,35.6,34
a0347.wav,training-a,-1,20.69,19
a0348.wav,training-a,-1,36.15,35
a0349.wav,training-a,-1,35.6,34
a0350.wav,training-a,-1,32.08,31
a0351.wav,training-a,1,35.67,34
a0352.wav,training-a,1,36.29,35
a0353.wav,training-a,1,30.65,29
a0354.wav,training-a,-1,35.67,34
a0355.wav,training-a,1,36.22,35
a0356.wav,training-a,-1,35.67,34
a0357.wav,training-a,-1,30.86,29
a0358.wav,training-a,-1,20.62,19
a0359.wav,training-a,1,30.65,29
a0360.wav,training-a,-1,20.62,19
a0361.wav,training-a,1,31.0,29
a0362.wav,training-a,-1,35.88,34
a0363.wav,training-a,-1,35.6,34
a0364.wav,training-a,-1,35.94,34
a0365.wav,training-a,-1,30.65,29
a0366.wav,training-a,-1,35.67,34
a0367.wav,training-a,-1,35.6,34
a0368.wav,training-a,-1,30.72,29
a0369.wav,training-a,-1,20.83,19
a0370.wav,training-a,-1,35.67,34
a0371.wav,training-a,-1,20.97,19
a0372.wav,training-a,-1,35.67,34
a0373.wav,training-a,-1,30.65,29
a0374.wav,training-a,-1,35.81,34
a0375.wav,training-a,-1,30.86,29
a0376.wav,training-a,-1,35.81,34
a0377.wav,training-a,-1,36.29,35
a0378.wav,training-a,-1,35.6,34
a0379.wav,training-a,-1,35.6,34
a0380.wav,training-a,-1,35.67,34
a0381.wav,training-a,-1,35.74,34
a0382.wav,training-a,-1,20.83,19
a0383.wav,training-a,-1,20.83,19
a0384.wav,training-a,-1,30.72,29
a0385.wav,training-a,1,20.97,19
a0386.wav,training-a,1,36.01,35
a0387.wav,training-a,-1,35.67,34
a0388.wav,training-a,-1,35.6,34
a0389.wav,training-a,-1,36.22,35
a0390.wav,training-a,-1,35.74,34
a0391.wav,training-a,-1,35.74,34
a0392.wav,training-a,-1,35.67,34
a0393.wav,training-a,1,35.6,34
a0394.wav,training-a,-1,24.69,23
a0395.wav,training-a,-1,14.79,13
a0396.wav,training-a,-1,35.81,34
a0397.wav,training-a,-1,30.65,29
a0398.wav,training-a,-1,35.94,34
a0399.wav,training-a,-1,36.01,35
a0400.wav,training-a,-1,16.32,15
a0401.wav,training-a,1,36.22,35
a0402.wav,training-a,-1,36.29,35
a0403.wav,training-a,-1,36.29,35
a0404.wav,training-a,-1,30.79,29
a0405.wav,training-a,1,12.53,11
a0406.wav,training-a,1,35.6,34
a0407.wav,training-a,1,35.67,34
a0408.wav,training-a,1,30.58,29
a0409.wav,training-a,1,30.72,29
b0001.wav,training-b,1,8.0,7
b0002.wav,training-b,1,8.0,7
b0003.wav,training-b,1,8.0,7
b0004.wav,training-b,1,8.0,7
b0005.wav,training-b,1,8.0,7
b0006.wav,training-b,1,8.0,7
b0007.wav,training-b,1,8.0,7
b0008.wav,training-b,-1,8.0,7
b0009.wav,training-b,1,8.0,7
b0010.wav,training-b,1,8.0,7
b0011.wav,training-b,1,8.0,7
b0012.wav,training-b,1,8.0,7
b0013.wav,training-b,-1,8.0,7
b0014.wav,training-b,1,8.0,7
b0015.wav,training-b,1,8.0,7
b0016.wav,training-b,-1,8.0,7
b0017.wav,training-b,1,8.0,7
b0018.wav,training-b,-1,8.0,7
b0019.wav,training-b,1,8.0,7
b0020.wav,training-b,1,8.0,7
b0021.wav,training-b,1,8.0,7
b0022.wav,training-b,-1,8.0,7
b0023.wav,training-b,-1,8.0,7
b0024.wav,training-b,1,8.0,7
b0025.wav,training-b,1,8.0,7
b0026.wav,training-b,1,8.0,7
b0027.wav,training-b,1,8.0,7
b0028.wav,training-b,1,8.0,7
b0029.wav,training-b,1,8.0,7
b0030.wav,training-b,-1,8.0,7
b0031.wav,training-b,1,6.99,5
b0032.wav,training-b,-1,8.0,7
b0033.wav,training-b,-1,5.31,4
b0034.wav,training-b,1,8.0,7
b0035.wav,training-b,1,8.0,7
b0036.wav,training-b,1,8.0,7
b0037.wav,training-b,-1,6.85,5
b0038.wav,training-b,1,8.0,7
b0039.wav,training-b,1,8.0,7
b0040.wav,training-b,-1,8.0,7
b0041.wav,training-b,-1,8.0,7
b0042.wav,training-b,1,8.0,7
b0043.wav,training-b,-1,8.0,7
b0044.wav,training-b,1,8.0,7
b0045.wav,training-b,1,8.0,7
b0046.wav,training-b,-1,8.0,7
b0047.wav,training-b,1,8.0,7
b0048.wav,training-b,-1,8.0,7
b0049.wav,training-b,1,8.0,7
b0050.wav,training-b,1,8.0,7
b0051.wav,training-b,1,8.0,7
b0052.wav,training-b,1,8.0,7
b0053.wav,training-b,1,8.0,7
b0054.wav,training-b,-1,8.0,7
b0055.wav,training-b,1,8.0,7
b0056.wav,training-b,1,8.0,7
b0057.wav,training-b,-1,8.0,7
b0058.wav,training-b,1,8.0,7
b0059.wav,training-b,1,8.0,7
b0060.wav,training-b,1,8.0,7
b0061.wav,training-b,1,8.0,7
b0062.wav,training-b,1,8.0,7
b0063.wav,training-b,-1,8.0,7
b0064.wav,training-b,1,8.0,7
b0065.wav,training-b,1,8.0,7
b0066.wav,training-b,1,8.0,7
b0067.wav,training-b,1,8.0,7
b0068.wav,training-b,-1,8.0,7
b0069.wav,training-b,1,8.0,7
b0070.wav,training-b,1,8.0,7
b0071.wav,training-b,1,8.0,7
b0072.wav,training-b,1,8.0,7
b0073.wav,training-b,1,8.0,7
b0074.wav,training-b,1,8.0,7
b0075.wav,training-b,1,8.0,7
b0076.wav,training-b,1,8.0,7
b0077.wav,training-b,-1,8.0,7
b0078.wav,training-b,1,8.0,7
b0079.wav,training-b,1,8.0,7
b0080.wav,training-b,1,8.0,7
b0081.wav,training-b,-1,8.0,7
b0082.wav,training-b,1,8.0,7
b0083.wav,training-b,1,8.0,7
b0084.wav,training-b,1,8.0,7
b0085.wav,training-b,1,8.0,7
b0086.wav,training-b,-1,8.0,7
b0087.wav,training-b,1,8.0,7
b0088.wav,training-b,1,8.0,7
b0089.wav,training-b,1,8.0,7
b0090.wav,training-b,1,8.0,7
b0091.wav,training-b,1,8.0,7
b0092.wav,training-b,1,8.0,7
b0093.wav,training-b,1,8.0,7
b0094.wav,training-b,1,8.0,7
b0095.wav,training-b,1,8.0,7
b0096.wav,training-b,-1,8.0,7
b0097.wav,training-b,1,8.0,7
b0098.wav,training-b,1,8.0,7
b0099.wav,training-b,1,8.0,7
b0100.wav,training-b,1,8.0,7
b0101.wav,training-b,1,8.0,7
b0102.wav,training-b,1,8.0,7
b0103.wav,training-b,1,8.0,7
b0104.wav,training-b,1,8.0,7
b0105.wav,training-b,1,8.0,7
b0106.wav,training-b,-1,8.0,7
b0107.wav,training-b,1,8.0,7
b0108.wav,training-b,1,8.0,7
b0109.wav,training-b,1,8.0,7
b0110.wav,training-b,1,8.0,7
b0111.wav,training-b,1,8.0,7
b0112.wav,training-b,1,8.0,7
b0113.wav,training-b,1,8.0,7
b0114.wav,training-b,1,8.0,7
b0115.wav,training-b,1,8.0,7
b0116.wav,training-b,1,8.0,7
b0117.wav,training-b,-1,8.0,7
b0118.wav,training-b,1,8.0,7
b0119.wav,training-b,1,8.0,7
b0120.wav,training-b,-1,8.0,7
b0121.wav,training-b,1,8.0,7
b0122.wav,training-b,1,7.85,6
b0123.wav,training-b,1,8.0,7
b0124.wav,training-b,1,8.0,7
b0125.wav,training-b,1,8.0,7
b0126.wav,training-b,1,8.0,7
b0127.wav,training-b,1,8.0,7
b0128.wav,training-b,1,7.76,6
b0129.wav,training-b,1,8.0,7
b0130.wav,training-b,-1,8.0,7
b0131.wav,training-b,1,8.0,7
b0132.wav,training-b,1,8.0,7
b0133.wav,training-b,1,8.0,7
b0134.wav,training-b,1,8.0,7
b0135.wav,training-b,1,8.0,7
b0136.wav,training-b,-1,8.0,7
b0137.wav,training-b,-1,8.0,7
b0138.wav,training-b,1,8.0,7
b0139.wav,training-b,1,8.0,7
b0140.wav,training-b,-1,8.0,7
b0141.wav,training-b,1,8.0,7
b0142.wav,training-b,1,8.0,7
b0143.wav,training-b,1,8.0,7
b0144.wav,training-b,1,8.0,7
b0145.wav,training-b,1,8.0,7
b0146.wav,training-b,1,8.0,7
b0147.wav,training-b,1,8.0,7
b0148.wav,training-b,-1,8.0,7
b0149.wav,training-b,1,8.0,7
b0150.wav,training-b,1,8.0,7
b0151.wav,training-b,1,7.36,6
b0152.wav,training-b,1,8.0,7
b0153.wav,training-b,1,8.0,7
b0154.wav,training-b,1,8.0,7
b0155.wav,training-b,-1,8.0,7
b0156.wav,training-b,1,8.0,7
b0157.wav,training-b,1,8.0,7
b0158.wav,training-b,1,8.0,7
b0159.wav,training-b,-1,8.0,7
b0160.wav,training-b,1,8.0,7
b0161.wav,training-b,1,8.0,7
b0162.wav,training-b,1,8.0,7
b0163.wav,training-b,1,8.0,7
b0164.wav,training-b,-1,8.0,7
b0165.wav,training-b,1,8.0,7
b0166.wav,training-b,1,8.0,7
b0167.wav,training-b,1,8.0,7
b0168.wav,training-b,1,8.0,7
b0169.wav,training-b,1,8.0,7
b0170.wav,training-b,1,8.0,7
b0171.wav,training-b,-1,8.0,7
b0172.wav,training-b,1,8.0,7
b0173.wav,training-b,1,8.0,7
b0174.wav,training-b,1,8.0,7
b0175.wav,training-b,1,8.0,7
b0176.wav,training-b,-1,8.0,7
b0177.wav,training-b,1,8.0,7
b0178.wav,training-b,1,8.0,7
b0179.wav,training-b,1,8.0,7
b0180.wav,training-b,1,8.0,7
b0181.wav,training-b,1,8.0,7
b0182.wav,training-b,1,8.0,7
b0183.wav,training-b,1,8.0,7
b0184.wav,training-b,1,8.0,7
b0185.wav,training-b,1,8.0,7
b0186.wav,training-b,1,8.0,7
b0187.wav,training-b,1,8.0,7
b0188.wav,training-b,1,8.0,7
b0189.wav,training-b,1,8.0,7
b0190.wav,training-b,-1,8.0,7
b0191.wav,training-b,1,8.0,7
b0192.wav,training-b,1,8.0,7
b0193.wav,training-b,1,8.0,7
b0194.wav,training-b,1,8.0,7
b0195.wav,training-b,1,8.0,7
b0196.wav,training-b,1,8.0,7
b0197.wav,training-b,-1,8.0,7
b0198.wav,training-b,1,8.0,7
b0199.wav,training-b,1,8.0,7
b0200.wav,training-b,1,8.0,7
b0201.wav,training-b,1,8.0,7
b0202.wav,training-b,1,8.0,7
b0203.wav,training-b,1,8.0,7
b0204.wav,training-b,1,8.0,7
b0205.wav,training-b,1,8.0,7
b0206.wav,training-b,1,8.0,7
b0207.wav,training-b,1,8.0,7
b0208.wav,training-b,-1,8.0,7
b0209.wav,training-b,1,8.0,7
b0210.wav,training-b,1,8.0,7
b0211.wav,training-b,1,8.0,7
b0212.wav,training-b,1,8.0,7
b0213.wav,training-b,1,8.0,7
b0214.wav,training-b,1,8.0,7
b0215.wav,training-b,1,8.0,7
b0216.wav,training-b,1,8.0,7
b0217.wav,training-b,1,8.0,7
b0218.wav,training-b,1,8.0,7
b0219.wav,training-b,1,8.0,7
b0220.wav,training-b,1,8.0,7
b0221.wav,training-b,-1,8.0,7
b0222.wav,training-b,1,8.0,7
b0223.wav,training-b,1,8.0,7
b0224.wav,training-b,-1,8.0,7
b0225.wav,training-b,1,8.0,7
b0226.wav,training-b,1,8.0,7
b0227.wav,training-b,1,8.0,7
b0228.wav,training-b,1,8.0,7
b0229.wav,training-b,1,8.0,7
b0230.wav,training-b,1,8.0,7
b0231.wav,training-b,1,8.0,7
b0232.wav,training-b,-1,8.0,7
b0233.wav,training-b,-1,8.0,7
b0234.wav,training-b,1,8.0,7
b0235.wav,training-b,-1,8.0,7
b0236.wav,training-b,1,8.0,7
b0237.wav,training-b,1,8.0,7
b0238.wav,training-b,-1,8.0,7
b0239.wav,training-b,-1,8.0,7
b0240.wav,training-b,1,8.0,7
b0241.wav,training-b,1,8.0,7
b0242.wav,training-b,-1,8.0,7
b0243.wav,training-b,-1,8.0,7
b0244.wav,training-b,1,8.0,7
b0245.wav,training-b,1,8.0,7
b0246.wav,training-b,1,8.0,7
b0247.wav,training-b,1,8.0,7
b0248.wav,training-b,-1,8.0,7
b0249.wav,training-b,1,8.0,7
b0250.wav,training-b,1,8.0,7
b0251.wav,training-b,-1,8.0,7
b0252.wav,training-b,1,8.0,7
b0253.wav,training-b,-1,8.0,7
b0254.wav,training-b,1,8.0,7
b0255.wav,training-b,1,8.0,7
b0256.wav,training-b,1,8.0,7
b0257.wav,training-b,-1,8.0,7
b0258.wav,training-b,1,8.0,7
b0259.wav,training-b,1,8.0,7
b0260.wav,training-b,1,8.0,7
b0261.wav,training-b,1,8.0,7
b0262.wav,training-b,-1,8.0,7
b0263.wav,training-b,-1,8.0,7
b0264.wav,training-b,1,8.0,7
b0265.wav,training-b,-1,8.0,7
b0266.wav,training-b,1,8.0,7
b0267.wav,training-b,-1,8.0,7
b0268.wav,training-b,1,8.0,7
b0269.wav,training-b,1,8.0,7
b0270.wav,training-b,1,8.0,7
b0271.wav,training-b,-1,8.0,7
b0272.wav,training-b,1,7.45,6
b0273.wav,training-b,-1,7.28,6
b0274.wav,training-b,1,8.0,7
b0275.wav,training-b,1,8.0,7
b0276.wav,training-b,1,8.0,7
b0277.wav,training-b,1,8.0,7
b0278.wav,training-b,-1,8.0,7
b0279.wav,training-b,-1,8.0,7
b0280.wav,training-b,-1,8.0,7
b0281.wav,training-b,1,8.0,7
b0282.wav,training-b,1,8.0,7
b0283.wav,training-b,1,8.0,7
b0284.wav,training-b,-1,8.0,7
b0285.wav,training-b,1,8.0,7
b0286.wav,training-b,1,8.0,7
b0287.wav,training-b,1,8.0,7
b0288.wav,training-b,1,8.0,7
b0289.wav,training-b,1,8.0,7
b0290.wav,training-b,1,8.0,7
b0291.wav,training-b,1,7.96,6
b0292.wav,training-b,-1,7.73,6
b0293.wav,training-b,1,8.0,7
b0294.wav,training-b,1,8.0,7
b0295.wav,training-b,-1,8.0,7
b0296.wav,training-b,1,8.0,7
b0297.wav,training-b,1,8.0,7
b0298.wav,training-b,1,8.0,7
b0299.wav,training-b,-1,8.0,7
b0300.wav,training-b,1,8.0,7
b0301.wav,training-b,1,8.0,7
b0302.wav,training-b,1,8.0,7
b0303.wav,training-b,1,8.0,7
b0304.wav,training-b,1,8.0,7
b0305.wav,training-b,1,8.0,7
b0306.wav,training-b,1,8.0,7
b0307.wav,training-b,-1,8.0,7
b0308.wav,training-b,1,8.0,7
b0309.wav,training-b,1,8.0,7
b0310.wav,training-b,1,8.0,7
b0311.wav,training-b,1,8.0,7
b0312.wav,training-b,1,8.0,7
b0313.wav,training-b,1,8.0,7
b0314.wav,training-b,1,8.0,7
b0315.wav,training-b,1,8.0,7
b0316.wav,training-b,1,8.0,7
b0317.wav,training-b,1,8.0,7
b0318.wav,training-b,-1,8.0,7
b0319.wav,training-b,-1,8.0,7
b0320.wav,training-b,1,8.0,7
b0321.wav,training-b,1,8.0,7
b0322.wav,training-b,1,8.0,7
b0323.wav,training-b,1,8.0,7
b0324.wav,training-b,1,8.0,7
b0325.wav,training-b,1,8.0,7
b0326.wav,training-b,1,8.0,7
b0327.wav,training-b,-1,8.0,7
b0328.wav,training-b,1,8.0,7
b0329.wav,training-b,1,8.0,7
b0330.wav,training-b,1,8.0,7
b0331.wav,training-b,1,8.0,7
b0332.wav,training-b,1,8.0,7
b0333.wav,training-b,1,8.0,7
b0334.wav,training-b,-1,8.0,7
b0335.wav,training-b,-1,8.0,7
b0336.wav,training-b,1,8.0,7
b0337.wav,training-b,1,8.0,7
b0338.wav,training-b,1,8.0,7
b0339.wav,training-b,1,8.0,7
b0340.wav,training-b,1,8.0,7
b0341.wav,training-b,-1,8.0,7
b0342.wav,training-b,-1,8.0,7
b0343.wav,training-b,1,8.0,7
b0344.wav,training-b,-1,8.0,7
b0345.wav,training-b,1,8.0,7
b0346.wav,training-b,1,8.0,7
b0347.wav,training-b,1,8.0,7
b0348.wav,training-b,1,8.0,7
b0349.wav,training-b,-1,8.0,7
b0350.wav,training-b,1,8.0,7
b0351.wav,training-b,1,8.0,7
b0352.wav,training-b,1,8.0,7
b0353.wav,training-b,1,8.0,7
b0354.wav,training-b,1,8.0,7
b0355.wav,training-b,1,8.0,7
b0356.wav,training-b,1,8.0,7
b0357.wav,training-b,1,8.0,7
b0358.wav,training-b,1,8.0,7
b0359.wav,training-b,1,8.0,7
b0360.wav,training-b,1,8.0,7
b0361.wav,training-b,-1,8.0,7
b0362.wav,training-b,1,8.0,7
b0363.wav,training-b,1,8.0,7
b0364.wav,training-b,1,8.0,7
b0365.wav,training-b,-1,8.0,7
b0366.wav,training-b,1,8.0,7
b0367.wav,training-b,-1,8.0,7
b0368.wav,training-b,1,8.0,7
b0369.wav,training-b,-1,8.0,7
b0370.wav,training-b,1,8.0,7
b0371.wav,training-b,1,8.0,7
b0372.wav,training-b,1,8.0,7
b0373.wav,training-b,1,8.0,7
b0374.wav,training-b,1,8.0,7
b0375.wav,training-b,1,8.0,7
b0376.wav,training-b,1,8.0,7
b0377.wav,training-b,1,8.0,7
b0378.wav,training-b,1,8.0,7
b0379.wav,training-b,1,8.0,7
b0380.wav,training-b,1,8.0,7
b0381.wav,training-b,1,8.0,7
b0382.wav,training-b,1,8.0,7
b0383.wav,training-b,1,8.0,7
b0384.wav,training-b,-1,8.0,7
b0385.wav,training-b,-1,8.0,7
b0386.wav,training-b,1,8.0,7
b0387.wav,training-b,1,8.0,7
b0388.wav,training-b,1,8.0,7
b0389.wav,training-b,1,8.0,7
b0390.wav,training-b,-1,8.0,7
b0391.wav,training-b,1,8.0,7
b0392.wav,training-b,1,8.0,7
b0393.wav,training-b,1,8.0,7
b0394.wav,training-b,1,8.0,7
b0395.wav,training-b,-1,8.0,7
b0396.wav,training-b,1,8.0,7
b0397.wav,training-b,-1,8.0,7
b0398.wav,training-b,1,8.0,7
b0399.wav,training-b,1,8.0,7
b0400.wav,training-b,1,8.0,7
b0401.wav,training-b,1,8.0,7
b0402.wav,training-b,1,8.0,7
b0403.wav,training-b,1,8.0,7
b0404.wav,training-b,1,8.0,7
b0405.wav,training-b,1,8.0,7
b0406.wav,training-b,1,8.0,7
b0407.wav,training-b,1,8.0,7
b0408.wav,training-b,-1,8.0,7
b0409.wav,training-b,-1,6.33,5
b0410.wav,training-b,1,8.0,7
b0411.wav,training-b,1,8.0,7
b0412.wav,training-b,1,8.0,7
b0413.wav,training-b,-1,8.0,7
b0414.wav,training-b,1,8.0,7
b0415.wav,training-b,1,8.0,7
b0416.wav,training-b,1,8.0,7
b0417.wav,training-b,1,8.0,7
b0418.wav,training-b,-1,8.0,7
b0419.wav,training-b,1,8.0,7
b0420.wav,training-b,1,8.0,7
b0421.wav,training-b,1,8.0,7
b0422.wav,training-b,-1,8.0,7
b0423.wav,training-b,1,8.0,7
b0424.wav,training-b,1,8.0,7
b0425.wav,training-b,1,8.0,7
b0426.wav,training-b,1,8.0,7
b0427.wav,training-b,-1,8.0,7
b0428.wav,training-b,-1,8.0,7
b0429.wav,training-b,1,8.0,7
b0430.wav,training-b,1,8.0,7
b0431.wav,training-b,1,8.0,7
b0432.wav,training-b,1,8.0,7
b0433.wav,training-b,1,8.0,7
b0434.wav,training-b,1,8.0,7
b0435.wav,training-b,1,8.0,7
b0436.wav,training-b,-1,8.0,7
b0437.wav,training-b,-1,8.0,7
b0438.wav,training-b,1,8.0,7
b0439.wav,training-b,1,8.0,7
b0440.wav,training-b,1,8.0,7
b0441.wav,training-b,1,7.63,6
b0442.wav,training-b,1,8.0,7
b0443.wav,training-b,1,8.0,7
b0444.wav,training-b,-1,8.0,7
b0445.wav,training-b,1,8.0,7
b0446.wav,training-b,-1,8.0,7
b0447.wav,training-b,1,8.0,7
b0448.wav,training-b,1,8.0,7
b0449.wav,training-b,1,8.0,7
b0450.wav,training-b,-1,8.0,7
b0451.wav,training-b,1,8.0,7
b0452.wav,training-b,1,8.0,7
b0453.wav,training-b,1,8.0,7
b0454.wav,training-b,1,8.0,7
b0455.wav,training-b,-1,7.73,6
b0456.wav,training-b,1,8.0,7
b0457.wav,training-b,1,8.0,7
b0458.wav,training-b,1,8.0,7
b0459.wav,training-b,1,8.0,7
b0460.wav,training-b,1,8.0,7
b0461.wav,training-b,1,8.0,7
b0462.wav,training-b,1,8.0,7
b0463.wav,training-b,1,8.0,7
b0464.wav,training-b,1,8.0,7
b0465.wav,training-b,-1,8.0,7
b0466.wav,training-b,1,8.0,7
b0467.wav,training-b,-1,8.0,7
b0468.wav,training-b,-1,8.0,7
b0469.wav,training-b,1,8.0,7
b0470.wav,training-b,1,8.0,7
b0471.wav,training-b,-1,8.0,7
b0472.wav,training-b,1,8.0,7
b0473.wav,training-b,1,8.0,7
b0474.wav,training-b,-1,8.0,7
b0475.wav,training-b,1,8.0,7
b0476.wav,training-b,-1,8.0,7
b0477.wav,training-b,1,8.0,7
b0478.wav,training-b,1,8.0,7
b0479.wav,training-b,1,8.0,7
b0480.wav,training-b,1,8.0,7
b0481.wav,training-b,1,8.0,7
b0482.wav,training-b,1,8.0,7
b0483.wav,training-b,1,8.0,7
b0484.wav,training-b,-1,8.0,7
b0485.wav,training-b,1,8.0,7
b0486.wav,training-b,1,8.0,7
b0487.wav,training-b,1,8.0,7
b0488.wav,training-b,1,8.0,7
b0489.wav,training-b,1,8.0,7
b0490.wav,training-b,1,8.0,7
c0001.wav,training-c,-1,22.72,21
c0002.wav,training-c,-1,11.58,10
c0003.wav,training-c,1,32.65,31
c0004.wav,training-c,-1,57.47,56
c0005.wav,training-c,-1,9.65,8
c0006.wav,training-c,1,29.18,28
c0007.wav,training-c,1,31.66,30
c0008.wav,training-c,-1,30.04,29
c0009.wav,training-c,-1,60.26,59
c0010.wav,training-c,-1,89.29,88
c0011.wav,training-c,1,69.04,68
c0012.wav,training-c,-1,18.84,17
c0013.wav,training-c,-1,32.12,31
c0014.wav,training-c,-1,44.42,43
c0015.wav,training-c,-1,85.18,84
c0016.wav,training-c,1,24.79,23
c0017.wav,training-c,-1,61.41,60
c0018.wav,training-c,-1,68.31,67
c0019.wav,training-c,-1,51.82,50
c0020.wav,training-c,-1,69.05,68
c0021.wav,training-c,-1,60.36,59
c0022.wav,training-c,1,71.81,70
c0023.wav,training-c,-1,36.01,35
c0024.wav,training-c,-1,106.05,105
c0025.wav,training-c,-1,56.39,55
c0026.wav,training-c,-1,42.19,41
c0027.wav,training-c,-1,69.64,68
c0028.wav,training-c,-1,14.63,13
c0029.wav,training-c,-1,36.99,35
c0030.wav,training-c,1,16.97,15
c0031.wav,training-c,-1,122.0,120
d0001.wav,training-d,1,6.61,5
d0002.wav,training-d,-1,10.85,9
d0003.wav,training-d,-1,11.04,10
d0004.wav,training-d,-1,9.51,8
d0005.wav,training-d,1,9.42,8
d0006.wav,training-d,1,6.91,5
d0007.wav,training-d,1,12.78,11
d0008.wav,training-d,-1,29.79,28
d0009.wav,training-d,-1,12.41,11
d0010.wav,training-d,-1,12.05,11
d0011.wav,training-d,-1,23.07,22
d0012.wav,training-d,-1,17.07,16
d0013.wav,training-d,1,9.22,8
d0014.wav,training-d,-1,8.04,7
d0015.wav,training-d,1,7.61,6
d0016.wav,training-d,1,11.05,10
d0017.wav,training-d,-1,12.33,11
d0018.wav,training-d,-1,17.85,16
d0019.wav,training-d,-1,8.32,7
d0020.wav,training-d,1,11.09,10
d0021.wav,training-d,-1,22.05,21
d0022.wav,training-d,-1,24.12,23
d0023.wav,training-d,1,16.38,15
d0024.wav,training-d,1,7.96,6
d0025.wav,training-d,1,14.28,13
d0026.wav,training-d,-1,21.27,20
d0027.wav,training-d,1,12.06,11
d0028.wav,training-d,-1,8.67,7
d0029.wav,training-d,-1,8.43,7
d0030.wav,training-d,1,8.18,7
d0031.wav,training-d,1,17.31,16
d0032.wav,training-d,-1,15.87,14
d0033.wav,training-d,-1,14.46,13
d0034.wav,training-d,-1,27.99,26
d0035.wav,training-d,-1,19.23,18
d0036.wav,training-d,1,20.06,19
d0037.wav,training-d,1,12.54,11
d0038.wav,training-d,-1,26.97,25
d0039.wav,training-d,-1,11.35,10
d0040.wav,training-d,-1,29.1,28
d0041.wav,training-d,1,29.08,28
d0042.wav,training-d,-1,48.54,47
d0043.wav,training-d,1,10.02,9
d0044.wav,training-d,1,8.08,7
d0045.wav,training-d,1,6.64,5
d0046.wav,training-d,-1,18.8,17
d0047.wav,training-d,1,13.08,12
d0048.wav,training-d,1,15.36,14
d0049.wav,training-d,1,12.03,11
d0050.wav,training-d,1,10.74,9
d0051.wav,training-d,-1,13.6,12
d0052.wav,training-d,-1,33.15,32
d0053.wav,training-d,1,8.49,7
d0054.wav,training-d,1,8.37,7
d0055.wav,training-d,1,11.86,10
e00001.wav,training-e,1,20.92,19
e00002.wav,training-e,1,24.18,23
e00003.wav,training-e,1,21.17,20
e00004.wav,training-e,1,19.75,18
e00005.wav,training-e,1,34.11,33
e00006.wav,training-e,1,22.46,21
e00007.wav,training-e,1,27.39,26
e00008.wav,training-e,1,15.25,14
e00009.wav,training-e,1,14.41,13
e00010.wav,training-e,1,19.72,18
e00011.wav,training-e,1,19.14,18
e00012.wav,training-e,1,16.07,15
e00013.wav,training-e,1,20.94,19
e00014.wav,training-e,1,10.56,9
e00015.wav,training-e,1,29.56,28
e00016.wav,training-e,1,27.35,26
e00017.wav,training-e,1,39.77,38
e00018.wav,training-e,1,39.45,38
e00019.wav,training-e,1,21.7,20
e00020.wav,training-e,-1,24.22,23
e00021.wav,training-e,1,24.44,23
e00022.wav,training-e,1,16.26,15
e00023.wav,training-e,1,14.88,13
e00024.wav,training-e,1,21.19,20
e00025.wav,training-e,1,22.61,21
e00026.wav,training-e,1,8.59,7
e00027.wav,training-e,1,31.49,30
e00028.wav,training-e,1,13.31,12
e00029.wav,training-e,1,31.83,30
e00030.wav,training-e,1,29.44,28
e00031.wav,training-e,1,50.77,49
e00032.wav,training-e,1,31.17,30
e00033.wav,training-e,1,9.11,8
e00034.wav,training-e,1,11.09,10
e00035.wav,training-e,1,33.67,32
e00036.wav,training-e,1,14.41,13
e00037.wav,training-e,1,41.78,40
e00038.wav,training-e,1,12.46,11
e00039.wav,training-e,1,9.67,8
e00040.wav,training-e,1,41.7,40
e00041.wav,training-e,1,22.95,21
e00042.wav,training-e,1,22.49,21
e00043.wav,training-e,1,28.51,27
e00044.wav,training-e,1,14.44,13
e00045.wav,training-e,1,21.76,20
e00046.wav,training-e,1,14.87,13
e00047.wav,training-e,1,26.53,25
e00048.wav,training-e,-1,22.13,21
e00049.wav,training-e,1,22.74,21
e00050.wav,training-e,1,22.94,21
e00051.wav,training-e,1,24.83,23
e00052.wav,training-e,1,27.5,26
e00053.wav,training-e,1,24.42,23
e00054.wav,training-e,1,48.68,47
e00055.wav,training-e,1,49.45,48
e00056.wav,training-e,1,14.41,13
e00057.wav,training-e,1,29.94,28
e00058.wav,training-e,1,31.2,30
e00059.wav,training-e,-1,20.62,19
e00060.wav,training-e,1,17.55,16
e00061.wav,training-e,1,13.8,12
e00062.wav,training-e,1,13.5,12
e00063.wav,training-e,1,8.43,7
e00064.wav,training-e,1,27.18,26
e00065.wav,training-e,1,24.75,23
e00066.wav,training-e,1,12.01,11
e00067.wav,training-e,1,23.71,22
e00068.wav,training-e,1,17.77,16
e00069.wav,training-e,1,15.91,14
e00070.wav,training-e,1,43.58,42
e00071.wav,training-e,-1,21.18,20
e00072.wav,training-e,1,11.97,10
e00073.wav,training-e,1,30.81,29
e00074.wav,training-e,1,37.65,36
e00075.wav,training-e,1,17.07,16
e00076.wav,training-e,1,31.72,30
e00077.wav,training-e,1,11.6,10
e00078.wav,training-e,1,38.88,37
e00079.wav,training-e,1,23.0,22
e00080.wav,training-e,1,19.11,18
e00081.wav,training-e,1,12.74,11
e00082.wav,training-e,1,16.66,15
e00083.wav,training-e,1,42.19,41
e00084.wav,training-e,1,18.43,17
e00085.wav,training-e,1,18.86,17
e00086.wav,training-e,1,11.7,10
e00087.wav,training-e,-1,21.73,20
e00088.wav,training-e,1,44.97,43
e00089.wav,training-e,1,25.47,24
e00090.wav,training-e,1,38.91,37
e00091.wav,training-e,1,26.0,24
e00092.wav,training-e,1,19.7,18
e00093.wav,training-e,1,18.58,17
e00094.wav,training-e,1,12.16,11
e00095.wav,training-e,1,25.93,24
e00096.wav,training-e,1,23.74,22
e00097.wav,training-e,-1,21.99,20
e00098.wav,training-e,1,30.17,29
e00099.wav,training-e,1,26.87,25
e00100.wav,training-e,1,20.54,19
e00101.wav,training-e,1,14.61,13
e00102.wav,training-e,1,35.11,34
e00103.wav,training-e,1,10.94,9
e00104.wav,training-e,1,30.09,29
e00105.wav,training-e,1,11.22,10
e00106.wav,training-e,1,16.86,15
e00107.wav,training-e,1,20.23,19
e00108.wav,training-e,1,28.42,27
e00109.wav,training-e,1,19.96,18
e00110.wav,training-e,1,31.94,30
e00111.wav,training-e,1,13.9,12
e00112.wav,training-e,1,10.68,9
e00113.wav,training-e,1,33.16,32
e00114.wav,training-e,-1,21.97,20
e00115.wav,training-e,1,14.38,13
e00116.wav,training-e,1,32.45,31
e00117.wav,training-e,1,26.03,25
e00118.wav,training-e,1,21.44,20
e00119.wav,training-e,1,24.74,23
e00120.wav,training-e,-1,47.62,46
e00121.wav,training-e,1,37.46,36
e00122.wav,training-e,1,10.04,9
e00123.wav,training-e,1,15.13,14
e00124.wav,training-e,1,18.0,16
e00125.wav,training-e,1,14.44,13
e00126.wav,training-e,1,14.29,13
e00127.wav,training-e,1,27.29,26
e00128.wav,training-e,1,46.94,45
e00129.wav,training-e,1,23.55,22
e00130.wav,training-e,1,10.84,9
e00131.wav,training-e,1,17.48,16
e00132.wav,training-e,1,12.71,11
e00133.wav,training-e,1,32.8,31
e00134.wav,training-e,1,44.31,43
e00135.wav,training-e,-1,21.04,20
e00136.wav,training-e,1,17.64,16
e00137.wav,training-e,1,13.01,12
e00138.wav,training-e,1,34.38,33
e00139.wav,training-e,1,9.32,8
e00140.wav,training-e,-1,23.29,22
e00141.wav,training-e,1,21.64,20
e00142.wav,training-e,-1,24.22,23
e00143.wav,training-e,1,14.15,13
e00144.wav,training-e,1,17.33,16
e00145.wav,training-e,1,30.25,29
e00146.wav,training-e,1,23.28,22
e00147.wav,training-e,1,12.32,11
e00148.wav,training-e,1,22.69,21
e00149.wav,training-e,1,20.47,19
e00150.wav,training-e,1,17.31,16
e00151.wav,training-e,1,19.56,18
e00152.wav,training-e,-1,11.66,10
e00153.wav,training-e,1,27.53,26
e00154.wav,training-e,1,22.57,21
e00155.wav,training-e,1,10.78,9
e00156.wav,training-e,1,25.36,24
e00157.wav,training-e,1,44.98,43
e00158.wav,training-e,1,27.9,26
e00159.wav,training-e,1,23.55,22
e00160.wav,training-e,1,16.14,15
e00161.wav,training-e,1,14.99,13
e00162.wav,training-e,1,24.24,23
e00163.wav,training-e,1,20.37,19
e00164.wav,training-e,1,47.43,46
e00165.wav,training-e,1,12.67,11
e00166.wav,training-e,1,23.12,22
e00167.wav,training-e,1,23.03,22
e00168.wav,training-e,1,12.22,11
e00169.wav,training-e,1,18.39,17
e00170.wav,training-e,1,17.47,16
e00171.wav,training-e,1,25.39,24
e00172.wav,training-e,1,20.82,19
e00173.wav,training-e,1,36.31,35
e00174.wav,training-e,1,16.44,15
e00175.wav,training-e,1,20.17,19
e00176.wav,training-e,-1,38.91,37
e00177.wav,training-e,1,8.93,7
e00178.wav,training-e,1,26.21,25
e00179.wav,training-e,1,12.71,11
e00180.wav,training-e,1,20.0,19
e00181.wav,training-e,1,18.63,17
e00182.wav,training-e,1,20.79,19
e00183.wav,training-e,1,26.46,25
e00184.wav,training-e,1,30.6,29
e00185.wav,training-e,1,44.95,43
e00186.wav,training-e,1,17.09,16
e00187.wav,training-e,1,18.6,17
e00188.wav,training-e,1,13.91,12
e00189.wav,training-e,1,25.44,24
e00190.wav,training-e,1,11.56,10
e00191.wav,training-e,-1,81.63,80
e00192.wav,training-e,1,26.14,25
e00193.wav,training-e,1,20.65,19
e00194.wav,training-e,1,18.65,17
e00195.wav,training-e,-1,19.32,18
e00196.wav,training-e,1,40.03,39
e00197.wav,training-e,1,55.81,54
e00198.wav,training-e,1,24.32,23
e00199.wav,training-e,1,11.61,10
e00200.wav,training-e,1,13.74,12
e00201.wav,training-e,1,16.08,15
e00202.wav,training-e,1,25.75,24
e00203.wav,training-e,1,21.94,20
e00204.wav,training-e,1,32.76,31
e00205.wav,training-e,1,19.85,18
e00206.wav,training-e,1,42.65,41
e00207.wav,training-e,1,19.38,18
e00208.wav,training-e,1,18.57,17
e00209.wav,training-e,1,15.83,14
e00210.wav,training-e,1,16.0,15
e00211.wav,training-e,1,18.06,17
e00212.wav,training-e,1,9.33,8
e00213.wav,training-e,1,22.74,21
e00214.wav,training-e,1,15.38,14
e00215.wav,training-e,1,51.34,50
e00216.wav,training-e,-1,8.13,7
e00217.wav,training-e,1,33.62,32
e00218.wav,training-e,1,21.04,20
e00219.wav,training-e,1,25.14,24
e00220.wav,training-e,1,24.19,23
e00221.wav,training-e,1,40.13,39
e00222.wav,training-e,1,53.26,52
e00223.wav,training-e,1,17.62,16
e00224.wav,training-e,1,15.22,14
e00225.wav,training-e,1,15.97,14
e00226.wav,training-e,1,27.38,26
e00227.wav,training-e,1,16.94,15
e00228.wav,training-e,-1,21.27,20
e00229.wav,training-e,1,28.33,27
e00230.wav,training-e,1,19.93,18
e00231.wav,training-e,1,26.89,25
e00232.wav,training-e,1,28.49,27
e00233.wav,training-e,1,17.04,16
e00234.wav,training-e,1,25.74,24
e00235.wav,training-e,1,20.62,19
e00236.wav,training-e,1,18.44,17
e00237.wav,training-e,1,16.32,15
e00238.wav,training-e,1,24.67,23
e00239.wav,training-e,1,28.34,27
e00240.wav,training-e,1,16.91,15
e00241.wav,training-e,1,22.94,21
e00242.wav,training-e,1,19.76,18
e00243.wav,training-e,1,9.68,8
e00244.wav,training-e,1,24.7,23
e00245.wav,training-e,1,18.57,17
e00246.wav,training-e,1,19.91,18
e00247.wav,training-e,1,30.61,29
e00248.wav,training-e,1,24.79,23
e00249.wav,training-e,1,23.53,22
e00250.wav,training-e,1,19.45,18
e00251.wav,training-e,1,23.0,21
e00252.wav,training-e,1,27.68,26
e00253.wav,training-e,1,50.49,49
e00254.wav,training-e,1,23.26,22
e00255.wav,training-e,1,21.35,20
e00256.wav,training-e,1,32.25,31
e00257.wav,training-e,1,20.2,19
e00258.wav,training-e,1,22.65,21
e00259.wav,training-e,1,24.86,23
e00260.wav,training-e,1,45.95,44
e00261.wav,training-e,1,22.74,21
e00262.wav,training-e,1,19.36,18
e00263.wav,training-e,1,17.84,16
e00264.wav,training-e,1,17.32,16
e00265.wav,training-e,1,27.35,26
e00266.wav,training-e,-1,18.27,17
e00267.wav,training-e,1,19.07,18
e00268.wav,training-e,1,21.69,20
e00269.wav,training-e,1,19.85,18
e00270.wav,training-e,1,42.94,41
e00271.wav,training-e,1,45.29,44
e00272.wav,training-e,1,22.65,21
e00273.wav,training-e,1,43.21,42
e00274.wav,training-e,1,26.87,25
e00275.wav,training-e,-1,10.5,9
e00276.wav,training-e,1,11.2,10
e00277.wav,training-e,1,22.91,21
e00278.wav,training-e,1,25.45,24
e00279.wav,training-e,1,28.45,27
e00280.wav,training-e,1,28.97,27
e00281.wav,training-e,1,26.36,25
e00282.wav,training-e,1,20.28,19
e00283.wav,training-e,1,16.72,15
e00284.wav,training-e,1,35.72,34
e00285.wav,training-e,1,23.59,22
e00286.wav,training-e,1,20.32,19
e00287.wav,training-e,1,9.93,8
e00288.wav,training-e,1,23.56,22
e00289.wav,training-e,1,28.08,27
e00290.wav,training-e,1,12.69,11
e00291.wav,training-e,1,17.61,16
e00292.wav,training-e,1,33.85,32
e00293.wav,training-e,1,24.24,23
e00294.wav,training-e,1,18.82,17
e00295.wav,training-e,-1,21.85,20
e00296.wav,training-e,1,25.98,24
e00297.wav,training-e,1,27.73,26
e00298.wav,training-e,1,26.67,25
e00299.wav,training-e,1,22.92,21
e00300.wav,training-e,1,21.2,20
e00301.wav,training-e,1,38.1,37
e00302.wav,training-e,1,22.99,21
e00303.wav,training-e,1,28.32,27
e00304.wav,training-e,-1,13.33,12
e00305.wav,training-e,-1,13.24,12
e00306.wav,training-e,1,24.93,23
e00307.wav,training-e,1,23.36,22
e00308.wav,training-e,1,50.53,49
e00309.wav,training-e,1,11.74,10
e00310.wav,training-e,1,24.87,23
e00311.wav,training-e,1,17.36,16
e00312.wav,training-e,1,21.22,20
e00313.wav,training-e,1,22.3,21
e00314.wav,training-e,1,16.46,15
e00315.wav,training-e,1,27.15,26
e00316.wav,training-e,1,19.28,18
e00317.wav,training-e,1,23.69,22
e00318.wav,training-e,1,20.39,19
e00319.wav,training-e,1,20.02,19
e00320.wav,training-e,1,42.27,41
e00321.wav,training-e,-1,9.8,8
e00322.wav,training-e,1,17.62,16
e00323.wav,training-e,1,21.39,20
e00324.wav,training-e,1,22.97,21
e00325.wav,training-e,1,15.1,14
e00326.wav,training-e,1,13.7,12
e00327.wav,training-e,1,23.3,22
e00328.wav,training-e,-1,20.69,19
e00329.wav,training-e,1,19.9,18
e00330.wav,training-e,-1,23.78,22
e00331.wav,training-e,1,13.19,12
e00332.wav,training-e,1,16.0,14
e00333.wav,training-e,1,80.28,79
e00334.wav,training-e,1,24.7,23
e00335.wav,training-e,1,20.99,19
e00336.wav,training-e,-1,12.26,11
e00337.wav,training-e,1,26.7,25
e00338.wav,training-e,1,57.73,56
e00339.wav,training-e,1,23.3,22
e00340.wav,training-e,1,10.44,9
e00341.wav,training-e,1,26.51,25
e00342.wav,training-e,1,15.2,14
e00343.wav,training-e,1,8.71,7
e00344.wav,training-e,1,12.95,11
e00345.wav,training-e,1,23.26,22
e00346.wav,training-e,1,18.66,17
e00347.wav,training-e,1,12.16,11
e00348.wav,training-e,1,19.4,18
e00349.wav,training-e,1,28.26,27
e00350.wav,training-e,1,18.21,17
e00351.wav,training-e,1,20.17,19
e00352.wav,training-e,1,9.24,8
e00353.wav,training-e,1,15.92,14
e00354.wav,training-e,1,19.99,18
e00355.wav,training-e,1,11.43,10
e00356.wav,training-e,1,22.08,21
e00357.wav,training-e,1,12.46,11
e00358.wav,training-e,1,12.04,11
e00359.wav,training-e,-1,20.9,19
e00360.wav,training-e,1,10.8,9
e00361.wav,training-e,1,22.45,21
e00362.wav,training-e,1,16.53,15
e00363.wav,training-e,1,22.91,21
e00364.wav,training-e,1,22.19,21
e00365.wav,training-e,1,11.81,10
e00366.wav,training-e,1,22.23,21
e00367.wav,training-e,1,19.74,18
e00368.wav,training-e,1,22.32,21
e00369.wav,training-e,1,28.62,27
e00370.wav,training-e,1,21.56,20
e00371.wav,training-e,1,30.46,29
e00372.wav,training-e,1,17.56,16
e00373.wav,training-e,-1,14.93,13
e00374.wav,training-e,1,25.67,24
e00375.wav,training-e,1,22.77,21
e00376.wav,training-e,1,24.15,23
e00377.wav,training-e,1,20.21,19
e00378.wav,training-e,1,14.51,13
e00379.wav,training-e,1,20.54,19
e00380.wav,training-e,1,37.93,36
e00381.wav,training-e,1,22.21,21
e00382.wav,training-e,1,34.46,33
e00383.wav,training-e,1,21.03,20
e00384.wav,training-e,1,13.68,12
e00385.wav,training-e,1,25.46,24
e00386.wav,training-e,1,16.45,15
e00387.wav,training-e,1,27.14,26
e00388.wav,training-e,-1,21.43,20
e00389.wav,training-e,1,17.82,16
e00390.wav,training-e,1,19.61,18
e00391.wav,training-e,1,24.09,23
e00392.wav,training-e,1,24.74,23
e00393.wav,training-e,1,19.32,18
e00394.wav,training-e,1,20.47,19
e00395.wav,training-e,1,21.09,20
e00396.wav,training-e,1,38.07,37
e00397.wav,training-e,1,26.22,25
e00398.wav,training-e,1,21.91,20
e00399.wav,training-e,1,29.82,28
e00400.wav,training-e,1,11.9,10
e00401.wav,training-e,1,29.77,28
e00402.wav,training-e,1,23.34,22
e00403.wav,training-e,1,52.97,51
e00404.wav,training-e,1,14.6,13
e00405.wav,training-e,1,14.39,13
e00406.wav,training-e,1,23.63,22
e00407.wav,training-e,1,29.95,28
e00408.wav,training-e,1,21.29,20
e00409.wav,training-e,1,13.25,12
e00410.wav,training-e,1,18.57,17
e00411.wav,training-e,1,22.68,21
e00412.wav,training-e,1,8.41,7
e00413.wav,training-e,1,34.71,33
e00414.wav,training-e,1,20.46,19
e00415.wav,training-e,1,20.29,19
e00416.wav,training-e,1,38.16,37
e00417.wav,training-e,1,24.81,23
e00418.wav,training-e,1,15.03,14
e00419.wav,training-e,1,25.38,24
e00420.wav,training-e,1,25.63,24
e00421.wav,training-e,1,22.45,21
e00422.wav,training-e,1,20.74,19
e00423.wav,training-e,1,16.34,15
e00424.wav,training-e,1,11.14,10
e00425.wav,training-e,1,26.15,25
e00426.wav,training-e,1,15.16,14
e00427.wav,training-e,1,11.02,10
e00428.wav,training-e,1,13.33,12
e00429.wav,training-e,1,10.49,9
e00430.wav,training-e,1,21.72,20
e00431.wav,training-e,1,11.11,10
e00432.wav,training-e,1,62.44,61
e00433.wav,training-e,1,13.2,12
e00434.wav,training-e,1,12.6,11
e00435.wav,training-e,-1,23.67,22
e00436.wav,training-e,1,13.79,12
e00437.wav,training-e,1,23.69,22
e00438.wav,training-e,1,23.57,22
e00439.wav,training-e,1,18.42,17
e00440.wav,training-e,1,10.47,9
e00441.wav,training-e,1,16.23,15
e00442.wav,training-e,1,9.36,8
e00443.wav,training-e,1,11.82,10
e00444.wav,training-e,1,21.32,20
e00445.wav,training-e,1,21.45,20
e00446.wav,training-e,1,23.64,22
e00447.wav,training-e,1,34.67,33
e00448.wav,training-e,1,33.39,32
e00449.wav,training-e,1,18.56,17
e00450.wav,training-e,1,11.71,10
e00451.wav,training-e,1,19.34,18
e00452.wav,training-e,1,16.83,15
e00453.wav,training-e,1,24.67,23
e00454.wav,training-e,1,11.21,10
e00455.wav,training-e,1,27.31,26
e00456.wav,training-e,-1,23.78,22
e00457.wav,training-e,-1,14.84,13
e00458.wav,training-e,1,8.15,7
e00459.wav,training-e,1,19.15,18
e00460.wav,training-e,1,19.36,18
e00461.wav,training-e,-1,15.51,14
e00462.wav,training-e,1,39.0,38
e00463.wav,training-e,1,22.7,21
e00464.wav,training-e,1,17.23,16
e00465.wav,training-e,1,30.71,29
e00466.wav,training-e,1,14.63,13
e00467.wav,training-e,1,12.65,11
e00468.wav,training-e,1,28.28,27
e00469.wav,training-e,1,38.8,37
e00470.wav,training-e,1,11.8,10
e00471.wav,training-e,1,19.05,18
e00472.wav,training-e,1,15.96,14
e00473.wav,training-e,1,80.6,79
e00474.wav,training-e,1,20.27,19
e00475.wav,training-e,-1,11.7,10
e00476.wav,training-e,1,60.07,59
e00477.wav,training-e,-1,15.7,14
e00478.wav,training-e,1,25.14,24
e00479.wav,training-e,1,25.38,24
e00480.wav,training-e,1,14.58,13
e00481.wav,training-e,1,17.97,16
e00482.wav,training-e,1,25.53,24
e00483.wav,training-e,1,17.71,16
e00484.wav,training-e,1,13.24,12
e00485.wav,training-e,1,10.74,9
e00486.wav,training-e,1,60.12,59
e00487.wav,training-e,1,25.0,23
e00488.wav,training-e,1,28.64,27
e00489.wav,training-e,1,36.44,35
e00490.wav,training-e,1,20.49,19
e00491.wav,training-e,1,33.9,32
e00492.wav,training-e,1,32.32,31
e00493.wav,training-e,1,10.12,9
e00494.wav,training-e,1,23.2,22
e00495.wav,training-e,1,15.1,14
e00496.wav,training-e,1,30.86,29
e00497.wav,training-e,1,17.03,16
e00498.wav,training-e,1,24.08,23
e00499.wav,training-e,1,19.09,18
e00500.wav,training-e,1,27.83,26
e00501.wav,training-e,1,14.43,13
e00502.wav,training-e,1,15.94,14
e00503.wav,training-e,1,13.48,12
e00504.wav,training-e,1,11.4,10
e00505.wav,training-e,1,22.56,21
e00506.wav,training-e,1,17.86,16
e00507.wav,training-e,1,22.24,21
e00508.wav,training-e,1,17.19,16
e00509.wav,training-e,1,26.25,25
e00510.wav,training-e,1,10.01,9
e00511.wav,training-e,1,34.37,33
e00512.wav,training-e,1,8.29,7
e00513.wav,training-e,1,16.56,15
e00514.wav,training-e,1,18.18,17
e00515.wav,training-e,1,22.69,21
e00516.wav,training-e,1,19.86,18
e00517.wav,training-e,1,36.75,35
e00518.wav,training-e,1,28.1,27
e00519.wav,training-e,1,11.88,10
e00520.wav,training-e,1,14.14,13
e00521.wav,training-e,1,20.54,19
e00522.wav,training-e,1,20.96,19
e00523.wav,training-e,-1,40.54,39
e00524.wav,training-e,1,20.6,19
e00525.wav,training-e,1,23.37,22
e00526.wav,training-e,-1,10.59,9
e00527.wav,training-e,1,48.22,47
e00528.wav,training-e,-1,23.75,22
e00529.wav,training-e,1,35.02,34
e00530.wav,training-e,1,19.29,18
e00531.wav,training-e,1,8.29,7
e00532.wav,training-e,1,26.55,25
e00533.wav,training-e,1,18.56,17
e00534.wav,training-e,1,21.9,20
e00535.wav,training-e,1,21.49,20
e00536.wav,training-e,-1,18.65,17
e00537.wav,training-e,-1,11.63,10
e00538.wav,training-e,1,9.36,8
e00539.wav,training-e,-1,46.26,45
e00540.wav,training-e,1,15.81,14
e00541.wav,training-e,1,37.29,36
e00542.wav,training-e,1,19.5,18
e00543.wav,training-e,1,22.73,21
e00544.wav,training-e,1,22.12,21
e00545.wav,training-e,1,84.58,83
e00546.wav,training-e,1,17.98,16
e00547.wav,training-e,1,22.49,21
e00548.wav,training-e,1,29.32,28
e00549.wav,training-e,1,11.55,10
e00550.wav,training-e,1,37.48,36
e00551.wav,training-e,-1,21.41,20
e00552.wav,training-e,1,23.42,22
e00553.wav,training-e,1,41.33,40
e00554.wav,training-e,1,14.11,13
e00555.wav,training-e,1,16.64,15
e00556.wav,training-e,1,29.36,28
e00557.wav,training-e,1,14.57,13
e00558.wav,training-e,1,30.69,29
e00559.wav,training-e,1,19.37,18
e00560.wav,training-e,1,26.09,25
e00561.wav,training-e,1,25.82,24
e00562.wav,training-e,-1,23.78,22
e00563.wav,training-e,1,15.28,14
e00564.wav,training-e,1,14.09,13
e00565.wav,training-e,1,15.98,14
e00566.wav,training-e,1,18.44,17
e00567.wav,training-e,1,20.92,19
e00568.wav,training-e,1,19.27,18
e00569.wav,training-e,1,23.95,22
e00570.wav,training-e,1,16.04,15
e00571.wav,training-e,1,8.12,7
e00572.wav,training-e,1,12.2,11
e00573.wav,training-e,1,24.17,23
e00574.wav,training-e,1,12.44,11
e00575.wav,training-e,1,20.54,19
e00576.wav,training-e,1,28.64,27
e00577.wav,training-e,1,31.56,30
e00578.wav,training-e,1,13.38,12
e00579.wav,training-e,1,28.0,27
e00580.wav,training-e,1,37.48,36
e00581.wav,training-e,1,28.05,27
e00582.wav,training-e,1,25.49,24
e00583.wav,training-e,1,25.44,24
e00584.wav,training-e,1,26.62,25
e00585.wav,training-e,1,57.57,56
e00586.wav,training-e,1,20.91,19
e00587.wav,training-e,1,17.15,16
e00588.wav,training-e,1,28.33,27
e00589.wav,training-e,1,25.81,24
e00590.wav,training-e,1,47.54,46
e00591.wav,training-e,-1,19.27,18
e00592.wav,training-e,1,22.01,21
e00593.wav,training-e,1,19.27,18
e00594.wav,training-e,1,13.13,12
e00595.wav,training-e,1,93.53,92
e00596.wav,training-e,1,18.25,17
e00597.wav,training-e,1,8.86,7
e00598.wav,training-e,1,16.37,15
e00599.wav,training-e,1,53.41,52
e00600.wav,training-e,1,17.41,16
e00601.wav,training-e,-1,22.73,21
e00602.wav,training-e,1,43.81,42
e00603.wav,training-e,-1,91.7,90
e00604.wav,training-e,1,23.23,22
e00605.wav,training-e,-1,21.5,20
e00606.wav,training-e,1,14.17,13
e00607.wav,training-e,1,19.59,18
e00608.wav,training-e,1,19.75,18
e00609.wav,training-e,1,19.77,18
e00610.wav,training-e,1,22.17,21
e00611.wav,training-e,1,23.51,22
e00612.wav,training-e,1,15.76,14
e00613.wav,training-e,1,26.5,25
e00614.wav,training-e,1,36.35,35
e00615.wav,training-e,1,15.54,14
e00616.wav,training-e,1,37.71,36
e00617.wav,training-e,1,20.15,19
e00618.wav,training-e,1,20.76,19
e00619.wav,training-e,-1,9.45,8
e00620.wav,training-e,1,24.53,23
e00621.wav,training-e,1,23.8,22
e00622.wav,training-e,-1,20.78,19
e00623.wav,training-e,1,18.82,17
e00624.wav,training-e,1,13.72,12
e00625.wav,training-e,1,27.07,26
e00626.wav,training-e,1,9.08,8
e00627.wav,training-e,-1,17.16,16
e00628.wav,training-e,1,41.09,40
e00629.wav,training-e,1,15.39,14
e00630.wav,training-e,1,18.99,17
e00631.wav,training-e,1,23.89,22
e00632.wav,training-e,1,14.5,13
e00633.wav,training-e,1,13.95,12
e00634.wav,training-e,1,28.31,27
e00635.wav,training-e,1,24.46,23
e00636.wav,training-e,1,24.34,23
e00637.wav,training-e,1,19.3,18
e00638.wav,training-e,1,39.08,38
e00639.wav,training-e,1,13.71,12
e00640.wav,training-e,1,15.97,14
e00641.wav,training-e,1,11.03,10
e00642.wav,training-e,1,20.58,19
e00643.wav,training-e,1,21.32,20
e00644.wav,training-e,1,19.17,18
e00645.wav,training-e,1,17.56,16
e00646.wav,training-e,1,22.37,21
e00647.wav,training-e,1,17.85,16
e00648.wav,training-e,-1,10.89,9
e00649.wav,training-e,1,35.75,34
e00650.wav,training-e,1,19.93,18
e00651.wav,training-e,1,27.08,26
e00652.wav,training-e,1,15.18,14
e00653.wav,training-e,1,32.24,31
e00654.wav,training-e,1,21.9,20
e00655.wav,training-e,1,36.34,35
e00656.wav,training-e,1,10.97,9
e00657.wav,training-e,-1,20.06,19
e00658.wav,training-e,1,30.68,29
e00659.wav,training-e,1,24.17,23
e00660.wav,training-e,1,26.39,25
e00661.wav,training-e,1,29.32,28
e00662.wav,training-e,1,9.44,8
e00663.wav,training-e,1,39.19,38
e00664.wav,training-e,1,19.05,18
e00665.wav,training-e,1,26.89,25
e00666.wav,training-e,1,18.16,17
e00667.wav,training-e,1,23.3,22
e00668.wav,training-e,1,41.16,40
e00669.wav,training-e,1,25.25,24
e00670.wav,training-e,-1,10.84,9
e00671.wav,training-e,1,23.48,22
e00672.wav,training-e,1,44.93,43
e00673.wav,training-e,1,8.95,7
e00674.wav,training-e,1,18.38,17
e00675.wav,training-e,1,23.13,22
e00676.wav,training-e,1,19.69,18
e00677.wav,training-e,1,9.92,8
e00678.wav,training-e,1,21.18,20
e00679.wav,training-e,1,15.59,14
e00680.wav,training-e,1,10.27,9
e00681.wav,training-e,1,19.31,18
e00682.wav,training-e,1,27.19,26
e00683.wav,training-e,1,19.75,18
e00684.wav,training-e,1,26.77,25
e00685.wav,training-e,1,34.31,33
e00686.wav,training-e,1,19.18,18
e00687.wav,training-e,1,19.72,18
e00688.wav,training-e,1,25.33,24
e00689.wav,training-e,1,8.34,7
e00690.wav,training-e,1,16.74,15
e00691.wav,training-e,1,41.26,40
e00692.wav,training-e,1,26.99,25
e00693.wav,training-e,-1,19.32,18
e00694.wav,training-e,1,22.8,21
e00695.wav,training-e,1,20.28,19
e00696.wav,training-e,1,27.77,26
e00697.wav,training-e,1,20.3,19
e00698.wav,training-e,1,10.69,9
e00699.wav,training-e,-1,14.98,13
e00700.wav,training-e,1,19.88,18
e00701.wav,training-e,1,17.81,16
e00702.wav,training-e,1,29.92,28
e00703.wav,training-e,-1,12.21,11
e00704.wav,training-e,1,13.97,12
e00705.wav,training-e,1,34.02,33
e00706.wav,training-e,1,21.95,20
e00707.wav,training-e,1,24.2,23
e00708.wav,training-e,1,26.98,25
e00709.wav,training-e,1,19.98,18
e00710.wav,training-e,1,15.56,14
e00711.wav,training-e,1,19.37,18
e00712.wav,training-e,1,20.24,19
e00713.wav,training-e,-1,23.59,22
e00714.wav,training-e,1,12.29,11
e00715.wav,training-e,1,24.61,23
e00716.wav,training-e,1,15.47,14
e00717.wav,training-e,1,19.72,18
e00718.wav,training-e,1,17.64,16
e00719.wav,training-e,1,17.08,16
e00720.wav,training-e,1,23.66,22
e00721.wav,training-e,1,16.89,15
e00722.wav,training-e,1,13.29,12
e00723.wav,training-e,1,25.44,24
e00724.wav,training-e,1,17.27,16
e00725.wav,training-e,1,29.59,28
e00726.wav,training-e,1,43.76,42
e00727.wav,training-e,1,48.8,47
e00728.wav,training-e,1,26.19,25
e00729.wav,training-e,1,20.43,19
e00730.wav,training-e,1,25.89,24
e00731.wav,training-e,-1,49.25,48
e00732.wav,training-e,1,40.1,39
e00733.wav,training-e,1,13.28,12
e00734.wav,training-e,1,27.23,26
e00735.wav,training-e,1,20.22,19
e00736.wav,training-e,1,21.6,20
e00737.wav,training-e,-1,22.71,21
e00738.wav,training-e,1,26.77,25
e00739.wav,training-e,1,17.56,16
e00740.wav,training-e,1,23.44,22
e00741.wav,training-e,1,16.26,15
e00742.wav,training-e,1,29.64,28
e00743.wav,training-e,1,19.46,18
e00744.wav,training-e,1,28.82,27
e00745.wav,training-e,1,23.87,22
e00746.wav,training-e,1,19.23,18
e00747.wav,training-e,1,17.19,16
e00748.wav,training-e,1,19.47,18
e00749.wav,training-e,1,15.15,14
e00750.wav,training-e,1,19.28,18
e00751.wav,training-e,1,19.16,18
e00752.wav,training-e,1,33.33,32
e00753.wav,training-e,1,9.65,8
e00754.wav,training-e,1,39.05,38
e00755.wav,training-e,1,37.47,36
e00756.wav,training-e,1,39.14,38
e00757.wav,training-e,1,31.93,30
e00758.wav,training-e,1,31.18,30
e00759.wav,training-e,1,19.54,18
e00760.wav,training-e,1,24.98,23
e00761.wav,training-e,1,18.97,17
e00762.wav,training-e,1,19.0,18
e00763.wav,training-e,1,25.84,24
e00764.wav,training-e,1,15.68,14
e00765.wav,training-e,1,19.41,18
e00766.wav,training-e,-1,20.34,19
e00767.wav,training-e,1,21.99,20
e00768.wav,training-e,1,17.36,16
e00769.wav,training-e,1,34.31,33
e00770.wav,training-e,1,24.93,23
e00771.wav,training-e,1,39.12,38
e00772.wav,training-e,1,20.11,19
e00773.wav,training-e,1,21.59,20
e00774.wav,training-e,1,12.31,11
e00775.wav,training-e,1,21.12,20
e00776.wav,training-e,1,8.32,7
e00777.wav,training-e,1,21.46,20
e00778.wav,training-e,1,19.76,18
e00779.wav,training-e,1,31.06,30
e00780.wav,training-e,1,18.88,17
e00781.wav,training-e,1,20.13,19
e00782.wav,training-e,1,11.24,10
e00783.wav,training-e,1,26.45,25
e00784.wav,training-e,1,34.54,33
e00785.wav,training-e,1,21.27,20
e00786.wav,training-e,1,24.67,23
e00787.wav,training-e,1,47.06,46
e00788.wav,training-e,1,9.69,8
e00789.wav,training-e,1,13.43,12
e00790.wav,training-e,1,26.12,25
e00791.wav,training-e,1,38.3,37
e00792.wav,training-e,-1,23.22,22
e00793.wav,training-e,1,24.68,23
e00794.wav,training-e,1,16.55,15
e00795.wav,training-e,1,16.41,15
e00796.wav,training-e,1,18.78,17
e00797.wav,training-e,1,23.2,22
e00798.wav,training-e,1,10.14,9
e00799.wav,training-e,1,13.47,12
e00800.wav,training-e,1,35.4,34
e00801.wav,training-e,1,15.96,14
e00802.wav,training-e,1,17.98,16
e00803.wav,training-e,1,18.42,17
e00804.wav,training-e,1,27.83,26
e00805.wav,training-e,1,30.12,29
e00806.wav,training-e,1,22.73,21
e00807.wav,training-e,1,10.58,9
e00808.wav,training-e,1,12.64,11
e00809.wav,training-e,1,17.38,16
e00810.wav,training-e,1,28.02,27
e00811.wav,training-e,-1,22.8,21
e00812.wav,training-e,-1,23.78,22
e00813.wav,training-e,1,14.15,13
e00814.wav,training-e,1,19.34,18
e00815.wav,training-e,1,22.14,21
e00816.wav,training-e,1,15.86,14
e00817.wav,training-e,1,26.24,25
e00818.wav,training-e,1,18.59,17
e00819.wav,training-e,1,9.95,8
e00820.wav,training-e,1,26.94,25
e00821.wav,training-e,1,19.84,18
e00822.wav,training-e,1,21.63,20
e00823.wav,training-e,1,13.03,12
e00824.wav,training-e,-1,20.02,19
e00825.wav,training-e,1,28.18,27
e00826.wav,training-e,1,47.51,46
e00827.wav,training-e,1,28.56,27
e00828.wav,training-e,1,56.13,55
e00829.wav,training-e,1,17.97,16
e00830.wav,training-e,1,23.14,22
e00831.wav,training-e,1,14.81,13
e00832.wav,training-e,1,21.4,20
e00833.wav,training-e,1,28.49,27
e00834.wav,training-e,1,35.45,34
e00835.wav,training-e,1,35.73,34
e00836.wav,training-e,1,21.24,20
e00837.wav,training-e,1,18.89,17
e00838.wav,training-e,1,28.24,27
e00839.wav,training-e,1,18.02,17
e00840.wav,training-e,1,19.89,18
e00841.wav,training-e,-1,21.08,20
e00842.wav,training-e,1,59.69,58
e00843.wav,training-e,1,18.84,17
e00844.wav,training-e,1,11.06,10
e00845.wav,training-e,1,47.57,46
e00846.wav,training-e,1,10.58,9
e00847.wav,training-e,-1,13.68,12
e00848.wav,training-e,1,26.73,25
e00849.wav,training-e,1,22.66,21
e00850.wav,training-e,1,23.7,22
e00851.wav,training-e,1,26.94,25
e00852.wav,training-e,1,23.7,22
e00853.wav,training-e,1,26.95,25
e00854.wav,training-e,1,10.16,9
e00855.wav,training-e,1,19.76,18
e00856.wav,training-e,1,12.46,11
e00857.wav,training-e,1,53.72,52
e00858.wav,training-e,1,9.1,8
e00859.wav,training-e,1,50.33,49
e00860.wav,training-e,1,99.2,98
e00861.wav,training-e,1,40.31,39
e00862.wav,training-e,1,23.92,22
e00863.wav,training-e,1,25.45,24
e00864.wav,training-e,1,21.05,20
e00865.wav,training-e,1,21.5,20
e00866.wav,training-e,1,21.18,20
e00867.wav,training-e,1,15.66,14
e00868.wav,training-e,1,22.45,21
e00869.wav,training-e,1,16.49,15
e00870.wav,training-e,1,16.44,15
e00871.wav,training-e,-1,12.17,11
e00872.wav,training-e,1,18.08,17
e00873.wav,training-e,1,21.93,20
e00874.wav,training-e,1,22.01,21
e00875.wav,training-e,1,25.81,24
e00876.wav,training-e,1,22.2,21
e00877.wav,training-e,1,22.69,21
e00878.wav,training-e,1,11.69,10
e00879.wav,training-e,1,12.47,11
e00880.wav,training-e,-1,16.05,15
e00881.wav,training-e,1,23.02,22
e00882.wav,training-e,1,26.51,25
e00883.wav,training-e,1,24.07,23
e00884.wav,training-e,1,27.25,26
e00885.wav,training-e,1,21.5,20
e00886.wav,training-e,1,26.34,25
e00887.wav,training-e,1,25.57,24
e00888.wav,training-e,1,17.2,16
e00889.wav,training-e,1,29.67,28
e00890.wav,training-e,1,29.83,28
e00891.wav,training-e,1,23.98,22
e00892.wav,training-e,1,12.3,11
e00893.wav,training-e,1,17.73,16
e00894.wav,training-e,1,29.27,28
e00895.wav,training-e,1,26.49,25
e00896.wav,training-e,1,35.13,34
e00897.wav,training-e,1,32.5,31
e00898.wav,training-e,1,29.0,27
e00899.wav,training-e,1,39.07,38
e00900.wav,training-e,1,9.46,8
e00901.wav,training-e,1,17.96,16
e00902.wav,training-e,1,16.26,15
e00903.wav,training-e,1,18.85,17
e00904.wav,training-e,1,16.98,15
e00905.wav,training-e,1,25.75,24
e00906.wav,training-e,1,9.49,8
e00907.wav,training-e,1,10.97,9
e00908.wav,training-e,1,12.01,11
e00909.wav,training-e,1,36.91,35
e00910.wav,training-e,1,29.0,28
e00911.wav,training-e,1,17.82,16
e00912.wav,training-e,1,21.91,20
e00913.wav,training-e,1,17.73,16
e00914.wav,training-e,1,15.81,14
e00915.wav,training-e,1,22.14,21
e00916.wav,training-e,1,18.6,17
e00917.wav,training-e,-1,9.96,8
e00918.wav,training-e,1,28.49,27
e00919.wav,training-e,1,12.67,11
e00920.wav,training-e,1,18.9,17
e00921.wav,training-e,-1,40.54,39
e00922.wav,training-e,1,9.93,8
e00923.wav,training-e,1,11.62,10
e00924.wav,training-e,-1,30.75,29
e00925.wav,training-e,-1,21.87,20
e00926.wav,training-e,1,22.71,21
e00927.wav,training-e,1,12.33,11
e00928.wav,training-e,1,9.26,8
e00929.wav,training-e,-1,10.19,9
e00930.wav,training-e,1,16.67,15
e00931.wav,training-e,1,24.34,23
e00932.wav,training-e,1,24.85,23
e00933.wav,training-e,1,16.63,15
e00934.wav,training-e,1,27.07,26
e00935.wav,training-e,-1,16.56,15
e00936.wav,training-e,-1,11.91,10
e00937.wav,training-e,1,20.61,19
e00938.wav,training-e,1,27.62,26
e00939.wav,training-e,1,22.04,21
e00940.wav,training-e,1,12.04,11
e00941.wav,training-e,1,25.59,24
e00942.wav,training-e,1,28.27,27
e00943.wav,training-e,1,20.48,19
e00944.wav,training-e,1,15.95,14
e00945.wav,training-e,1,37.2,36
e00946.wav,training-e,1,23.8,22
e00947.wav,training-e,1,8.96,7
e00948.wav,training-e,1,17.42,16
e00949.wav,training-e,1,21.28,20
e00950.wav,training-e,1,18.34,17
e00951.wav,training-e,1,24.55,23
e00952.wav,training-e,1,8.63,7
e00953.wav,training-e,1,89.27,88
e00954.wav,training-e,1,10.72,9
e00955.wav,training-e,1,20.26,19
e00956.wav,training-e,1,19.15,18
e00957.wav,training-e,1,38.1,37
e00958.wav,training-e,1,19.55,18
e00959.wav,training-e,1,9.55,8
e00960.wav,training-e,1,21.38,20
e00961.wav,training-e,1,36.1,35
e00962.wav,training-e,1,27.19,26
e00963.wav,training-e,1,27.47,26
e00964.wav,training-e,1,42.21,41
e00965.wav,training-e,1,12.68,11
e00966.wav,training-e,1,24.02,23
e00967.wav,training-e,-1,9.13,8
e00968.wav,training-e,1,17.23,16
e00969.wav,training-e,1,19.32,18
e00970.wav,training-e,1,38.74,37
e00971.wav,training-e,1,33.6,32
e00972.wav,training-e,1,22.91,21
e00973.wav,training-e,1,41.59,40
e00974.wav,training-e,1,29.32,28
e00975.wav,training-e,1,16.31,15
e00976.wav,training-e,1,19.95,18
e00977.wav,training-e,1,26.75,25
e00978.wav,training-e,1,26.45,25
e00979.wav,training-e,1,39.21,38
e00980.wav,training-e,-1,16.95,15
e00981.wav,training-e,1,37.62,36
e00982.wav,training-e,1,26.06,25
e00983.wav,training-e,1,18.25,17
e00984.wav,training-e,1,8.63,7
e00985.wav,training-e,1,16.27,15
e00986.wav,training-e,1,15.83,14
e00987.wav,training-e,1,17.44,16
e00988.wav,training-e,1,11.57,10
e00989.wav,training-e,1,15.48,14
e00990.wav,training-e,1,17.71,16
e00991.wav,training-e,1,13.41,12
e00992.wav,training-e,1,48.21,47
e00993.wav,training-e,1,19.84,18
e00994.wav,training-e,1,8.27,7
e00995.wav,training-e,1,20.44,19
e00996.wav,training-e,1,12.91,11
e00997.wav,training-e,1,26.36,25
e00998.wav,training-e,-1,21.71,20
e00999.wav,training-e,1,30.58,29
e01000.wav,training-e,1,17.77,16
e01001.wav,training-e,1,28.02,27
e01002.wav,training-e,1,19.16,18
e01003.wav,training-e,1,50.12,49
e01004.wav,training-e,1,15.11,14
e01005.wav,training-e,1,21.35,20
e01006.wav,training-e,1,20.38,19
e01007.wav,training-e,1,8.12,7
e01008.wav,training-e,1,37.23,36
e01009.wav,training-e,1,26.92,25
e01010.wav,training-e,1,93.73,92
e01011.wav,training-e,1,11.07,10
e01012.wav,training-e,1,10.61,9
e01013.wav,training-e,-1,21.55,20
e01014.wav,training-e,1,18.29,17
e01015.wav,training-e,1,41.48,40
e01016.wav,training-e,-1,22.94,21
e01017.wav,training-e,1,16.12,15
e01018.wav,training-e,1,28.01,27
e01019.wav,training-e,1,17.34,16
e01020.wav,training-e,1,21.26,20
e01021.wav,training-e,1,37.65,36
e01022.wav,training-e,1,9.63,8
e01023.wav,training-e,1,30.36,29
e01024.wav,training-e,1,24.43,23
e01025.wav,training-e,1,9.08,8
e01026.wav,training-e,1,22.02,21
e01027.wav,training-e,1,20.67,19
e01028.wav,training-e,1,19.51,18
e01029.wav,training-e,1,16.3,15
e01030.wav,training-e,1,50.23,49
e01031.wav,training-e,1,21.79,20
e01032.wav,training-e,1,16.46,15
e01033.wav,training-e,1,12.69,11
e01034.wav,training-e,1,22.65,21
e01035.wav,training-e,1,23.94,22
e01036.wav,training-e,1,46.61,45
e01037.wav,training-e,1,23.5,22
e01038.wav,training-e,1,22.15,21
e01039.wav,training-e,1,40.87,39
e01040.wav,training-e,1,21.16,20
e01041.wav,training-e,1,29.22,28
e01042.wav,training-e,1,29.86,28
e01043.wav,training-e,1,26.9,25
e01044.wav,training-e,1,12.11,11
e01045.wav,training-e,1,45.17,44
e01046.wav,training-e,1,13.66,12
e01047.wav,training-e,1,12.22,11
e01048.wav,training-e,1,28.64,27
e01049.wav,training-e,1,28.55,27
e01050.wav,training-e,1,22.82,21
e01051.wav,training-e,1,23.01,22
e01052.wav,training-e,1,25.76,24
e01053.wav,training-e,1,32.6,31
e01054.wav,training-e,1,24.91,23
e01055.wav,training-e,-1,13.75,12
e01056.wav,training-e,1,17.62,16
e01057.wav,training-e,1,14.95,13
e01058.wav,training-e,1,28.0,26
e01059.wav,training-e,1,22.25,21
e01060.wav,training-e,1,19.31,18
e01061.wav,training-e,1,32.52,31
e01062.wav,training-e,-1,8.85,7
e01063.wav,training-e,1,24.63,23
e01064.wav,training-e,1,36.8,35
e01065.wav,training-e,1,37.62,36
e01066.wav,training-e,1,19.82,18
e01067.wav,training-e,1,21.98,20
e01068.wav,training-e,1,11.77,10
e01069.wav,training-e,1,11.06,10
e01070.wav,training-e,1,26.08,25
e01071.wav,training-e,1,21.68,20
e01072.wav,training-e,1,27.36,26
e01073.wav,training-e,1,15.66,14
e01074.wav,training-e,1,15.27,14
e01075.wav,training-e,1,9.23,8
e01076.wav,training-e,1,45.13,44
e01077.wav,training-e,1,46.0,45
e01078.wav,training-e,1,36.55,35
e01079.wav,training-e,1,19.46,18
e01080.wav,training-e,1,19.9,18
e01081.wav,training-e,1,18.8,17
e01082.wav,training-e,1,26.1,25
e01083.wav,training-e,1,38.24,37
e01084.wav,training-e,-1,12.98,11
e01085.wav,training-e,1,23.96,22
e01086.wav,training-e,1,23.62,22
e01087.wav,training-e,1,20.66,19
e01088.wav,training-e,1,10.47,9
e01089.wav,training-e,1,20.5,19
e01090.wav,training-e,1,50.22,49
e01091.wav,training-e,1,20.65,19
e01092.wav,training-e,1,25.96,24
e01093.wav,training-e,1,24.17,23
e01094.wav,training-e,1,29.62,28
e01095.wav,training-e,1,27.84,26
e01096.wav,training-e,1,15.11,14
e01097.wav,training-e,-1,20.6,19
e01098.wav,training-e,1,11.67,10
e01099.wav,training-e,1,22.85,21
e01100.wav,training-e,1,17.21,16
e01101.wav,training-e,1,21.16,20
e01102.wav,training-e,1,18.36,17
e01103.wav,training-e,1,14.97,13
e01104.wav,training-e,1,15.59,14
e01105.wav,training-e,-1,17.79,16
e01106.wav,training-e,1,40.78,39
e01107.wav,training-e,1,15.02,14
e01108.wav,training-e,1,18.77,17
e01109.wav,training-e,1,31.81,30
e01110.wav,training-e,1,18.24,17
e01111.wav,training-e,1,30.62,29
e01112.wav,training-e,1,26.07,25
e01113.wav,training-e,1,18.85,17
e01114.wav,training-e,1,19.68,18
e01115.wav,training-e,-1,16.7,15
e01116.wav,training-e,1,17.85,16
e01117.wav,training-e,1,51.07,50
e01118.wav,training-e,1,18.39,17
e01119.wav,training-e,1,13.79,12
e01120.wav,training-e,1,18.66,17
e01121.wav,training-e,1,38.88,37
e01122.wav,training-e,1,11.33,10
e01123.wav,training-e,1,13.13,12
e01124.wav,training-e,1,19.88,18
e01125.wav,training-e,1,11.71,10
e01126.wav,training-e,1,22.07,21
e01127.wav,training-e,1,14.53,13
e01128.wav,training-e,1,28.18,27
e01129.wav,training-e,1,20.52,19
e01130.wav,training-e,1,22.08,21
e01131.wav,training-e,1,16.22,15
e01132.wav,training-e,1,19.94,18
e01133.wav,training-e,1,19.81,18
e01134.wav,training-e,1,10.47,9
e01135.wav,training-e,1,24.97,23
e01136.wav,training-e,1,15.56,14
e01137.wav,training-e,1,10.64,9
e01138.wav,training-e,1,25.23,24
e01139.wav,training-e,1,37.39,36
e01140.wav,training-e,1,30.66,29
e01141.wav,training-e,1,17.61,16
e01142.wav,training-e,1,10.38,9
e01143.wav,training-e,1,25.3,24
e01144.wav,training-e,1,14.06,13
e01145.wav,training-e,1,22.61,21
e01146.wav,training-e,1,12.59,11
e01147.wav,training-e,1,14.07,13
e01148.wav,training-e,1,29.38,28
e01149.wav,training-e,1,28.11,27
e01150.wav,training-e,1,19.9,18
e01151.wav,training-e,1,18.65,17
e01152.wav,training-e,1,32.72,31
e01153.wav,training-e,1,30.16,29
e01154.wav,training-e,1,25.93,24
e01155.wav,training-e,1,27.41,26
e01156.wav,training-e,1,18.66,17
e01157.wav,training-e,1,22.49,21
e01158.wav,training-e,1,26.05,25
e01159.wav,training-e,1,20.74,19
e01160.wav,training-e,-1,23.17,22
e01161.wav,training-e,1,17.14,16
e01162.wav,training-e,1,33.13,32
e01163.wav,training-e,1,64.92,63
e01164.wav,training-e,1,24.47,23
e01165.wav,training-e,1,18.31,17
e01166.wav,training-e,1,27.79,26
e01167.wav,training-e,1,11.68,10
e01168.wav,training-e,1,16.58,15
e01169.wav,training-e,1,18.8,17
e01170.wav,training-e,1,25.74,24
e01171.wav,training-e,1,17.16,16
e01172.wav,training-e,1,25.46,24
e01173.wav,training-e,1,33.71,32
e01174.wav,training-e,1,18.1,17
e01175.wav,training-e,1,9.78,8
e01176.wav,training-e,1,21.89,20
e01177.wav,training-e,1,26.24,25
e01178.wav,training-e,1,16.45,15
e01179.wav,training-e,1,21.08,20
e01180.wav,training-e,1,28.06,27
e01181.wav,training-e,1,65.73,64
e01182.wav,training-e,1,32.98,31
e01183.wav,training-e,1,21.72,20
e01184.wav,training-e,1,8.91,7
e01185.wav,training-e,1,44.91,43
e01186.wav,training-e,1,22.52,21
e01187.wav,training-e,1,20.65,19
e01188.wav,training-e,1,13.67,12
e01189.wav,training-e,1,12.84,11
e01190.wav,training-e,1,16.06,15
e01191.wav,training-e,1,12.23,11
e01192.wav,training-e,1,30.23,29
e01193.wav,training-e,1,21.11,20
e01194.wav,training-e,1,16.58,15
e01195.wav,training-e,1,27.08,26
e01196.wav,training-e,1,21.03,20
e01197.wav,training-e,1,33.21,32
e01198.wav,training-e,1,13.71,12
e01199.wav,training-e,1,12.52,11
e01200.wav,training-e,1,27.26,26
e01201.wav,training-e,1,13.94,12
e01202.wav,training-e,1,47.01,46
e01203.wav,training-e,1,17.19,16
e01204.wav,training-e,1,20.04,19
e01205.wav,training-e,-1,23.78,22
e01206.wav,training-e,1,24.68,23
e01207.wav,training-e,1,18.61,17
e01208.wav,training-e,1,30.64,29
e01209.wav,training-e,1,19.14,18
e01210.wav,training-e,1,32.84,31
e01211.wav,training-e,1,28.73,27
e01212.wav,training-e,1,14.9,13
e01213.wav,training-e,1,52.28,51
e01214.wav,training-e,1,10.73,9
e01215.wav,training-e,-1,21.32,20
e01216.wav,training-e,1,33.19,32
e01217.wav,training-e,1,28.57,27
e01218.wav,training-e,-1,22.22,21
e01219.wav,training-e,1,13.7,12
e01220.wav,training-e,1,10.15,9
e01221.wav,training-e,1,27.88,26
e01222.wav,training-e,1,23.07,22
e01223.wav,training-e,1,11.91,10
e01224.wav,training-e,1,40.28,39
e01225.wav,training-e,1,19.05,18
e01226.wav,training-e,-1,9.71,8
e01227.wav,training-e,1,20.56,19
e01228.wav,training-e,1,12.34,11
e01229.wav,training-e,1,21.73,20
e01230.wav,training-e,1,21.04,20
e01231.wav,training-e,1,19.93,18
e01232.wav,training-e,1,21.62,20
e01233.wav,training-e,1,26.75,25
e01234.wav,training-e,1,20.08,19
e01235.wav,training-e,1,26.53,25
e01236.wav,training-e,1,25.63,24
e01237.wav,training-e,-1,43.81,42
e01238.wav,training-e,1,16.2,15
e01239.wav,training-e,1,24.19,23
e01240.wav,training-e,1,19.27,18
e01241.wav,training-e,1,31.2,30
e01242.wav,training-e,1,15.25,14
e01243.wav,training-e,1,21.51,20
e01244.wav,training-e,1,20.73,19
e01245.wav,training-e,1,24.3,23
e01246.wav,training-e,-1,19.37,18
e01247.wav,training-e,1,29.44,28
e01248.wav,training-e,1,25.85,24
e01249.wav,training-e,1,24.91,23
e01250.wav,training-e,1,16.5,15
e01251.wav,training-e,1,14.45,13
e01252.wav,training-e,1,26.85,25
e01253.wav,training-e,1,16.77,15
e01254.wav,training-e,1,19.67,18
e01255.wav,training-e,1,19.76,18
e01256.wav,training-e,-1,16.3,15
e01257.wav,training-e,1,27.24,26
e01258.wav,training-e,1,25.26,24
e01259.wav,training-e,1,18.91,17
e01260.wav,training-e,1,16.46,15
e01261.wav,training-e,1,10.73,9
e01262.wav,training-e,1,18.42,17
e01263.wav,training-e,-1,23.5,22
e01264.wav,training-e,1,27.69,26
e01265.wav,training-e,1,27.2,26
e01266.wav,training-e,1,35.33,34
e01267.wav,training-e,1,15.01,14
e01268.wav,training-e,1,14.89,13
e01269.wav,training-e,1,9.29,8
e01270.wav,training-e,1,36.32,35
e01271.wav,training-e,1,10.84,9
e01272.wav,training-e,-1,18.78,17
e01273.wav,training-e,1,39.58,38
e01274.wav,training-e,1,27.69,26
e01275.wav,training-e,1,46.12,45
e01276.wav,training-e,1,22.18,21
e01277.wav,training-e,1,10.8,9
e01278.wav,training-e,1,11.56,10
e01279.wav,training-e,1,13.27,12
e01280.wav,training-e,-1,21.5,20
e01281.wav,training-e,1,27.94,26
e01282.wav,training-e,1,26.81,25
e01283.wav,training-e,1,15.86,14
e01284.wav,training-e,-1,17.16,16
e01285.wav,training-e,1,65.5,64
e01286.wav,training-e,1,14.53,13
e01287.wav,training-e,1,27.3,26
e01288.wav,training-e,1,37.42,36
e01289.wav,training-e,-1,9.73,8
e01290.wav,training-e,1,28.49,27
e01291.wav,training-e,1,20.79,19
e01292.wav,training-e,1,27.08,26
e01293.wav,training-e,1,25.08,24
e01294.wav,training-e,1,21.77,20
e01295.wav,training-e,1,18.64,17
e01296.wav,training-e,1,29.68,28
e01297.wav,training-e,1,21.37,20
e01298.wav,training-e,-1,22.04,21
e01299.wav,training-e,-1,22.48,21
e01300.wav,training-e,1,18.45,17
e01301.wav,training-e,1,22.89,21
e01302.wav,training-e,1,26.83,25
e01303.wav,training-e,1,47.28,46
e01304.wav,training-e,1,18.43,17
e01305.wav,training-e,1,24.6,23
e01306.wav,training-e,1,16.44,15
e01307.wav,training-e,-1,20.04,19
e01308.wav,training-e,1,17.08,16
e01309.wav,training-e,1,18.87,17
e01310.wav,training-e,1,14.99,13
e01311.wav,training-e,1,17.98,16
e01312.wav,training-e,1,10.92,9
e01313.wav,training-e,1,101.67,100
e01314.wav,training-e,1,47.84,46
e01315.wav,training-e,1,19.43,18
e01316.wav,training-e,1,18.8,17
e01317.wav,training-e,1,17.36,16
e01318.wav,training-e,1,15.03,14
e01319.wav,training-e,1,37.92,36
e01320.wav,training-e,1,10.56,9
e01321.wav,training-e,1,25.13,24
e01322.wav,training-e,1,36.42,35
e01323.wav,training-e,1,12.28,11
e01324.wav,training-e,1,9.32,8
e01325.wav,training-e,1,22.58,21
e01326.wav,training-e,1,18.02,17
e01327.wav,training-e,1,16.95,15
e01328.wav,training-e,1,25.27,24
e01329.wav,training-e,1,18.01,17
e01330.wav,training-e,1,14.8,13
e01331.wav,training-e,1,21.22,20
e01332.wav,training-e,1,13.88,12
e01333.wav,training-e,1,19.47,18
e01334.wav,training-e,1,18.73,17
e01335.wav,training-e,1,10.31,9
e01336.wav,training-e,1,28.02,27
e01337.wav,training-e,1,19.56,18
e01338.wav,training-e,1,23.94,22
e01339.wav,training-e,1,19.46,18
e01340.wav,training-e,1,43.01,42
e01341.wav,training-e,-1,20.97,19
e01342.wav,training-e,1,30.07,29
e01343.wav,training-e,1,39.71,38
e01344.wav,training-e,1,13.86,12
e01345.wav,training-e,1,17.25,16
e01346.wav,training-e,1,15.76,14
e01347.wav,training-e,1,17.36,16
e01348.wav,training-e,1,40.29,39
e01349.wav,training-e,1,15.52,14
e01350.wav,training-e,1,21.88,20
e01351.wav,training-e,-1,18.65,17
e01352.wav,training-e,1,22.82,21
e01353.wav,training-e,1,29.63,28
e01354.wav,training-e,1,30.61,29
e01355.wav,training-e,1,98.99,97
e01356.wav,training-e,1,16.27,15
e01357.wav,training-e,1,13.43,12
e01358.wav,training-e,1,16.68,15
e01359.wav,training-e,1,26.5,25
e01360.wav,training-e,1,23.82,22
e01361.wav,training-e,1,8.89,7
e01362.wav,training-e,1,38.77,37
e01363.wav,training-e,1,16.95,15
e01364.wav,training-e,1,35.32,34
e01365.wav,training-e,-1,23.78,22
e01366.wav,training-e,1,15.59,14
e01367.wav,training-e,-1,23.29,22
e01368.wav,training-e,1,32.06,31
e01369.wav,training-e,1,23.77,22
e01370.wav,training-e,1,34.76,33
e01371.wav,training-e,1,16.93,15
e01372.wav,training-e,1,35.65,34
e01373.wav,training-e,1,14.2,13
e01374.wav,training-e,-1,21.15,20
e01375.wav,training-e,-1,21.25,20
e01376.wav,training-e,-1,23.57,22
e01377.wav,training-e,1,28.96,27
e01378.wav,training-e,1,16.85,15
e01379.wav,training-e,1,20.73,19
e01380.wav,training-e,1,40.26,39
e01381.wav,training-e,1,10.54,9
e01382.wav,training-e,-1,16.67,15
e01383.wav,training-e,-1,22.41,21
e01384.wav,training-e,1,16.63,15
e01385.wav,training-e,1,28.87,27
e01386.wav,training-e,1,18.12,17
e01387.wav,training-e,1,15.83,14
e01388.wav,training-e,1,28.61,27
e01389.wav,training-e,1,23.05,22
e01390.wav,training-e,1,27.28,26
e01391.wav,training-e,1,16.82,15
e01392.wav,training-e,1,25.88,24
e01393.wav,training-e,1,17.65,16
e01394.wav,training-e,1,13.36,12
e01395.wav,training-e,1,22.39,21
e01396.wav,training-e,1,36.8,35
e01397.wav,training-e,1,20.29,19
e01398.wav,training-e,1,20.37,19
e01399.wav,training-e,-1,23.13,22
e01400.wav,training-e,1,24.07,23
e01401.wav,training-e,1,32.77,31
e01402.wav,training-e,1,14.72,13
e01403.wav,training-e,1,24.29,23
e01404.wav,training-e,1,26.18,25
e01405.wav,training-e,1,26.8,25
e01406.wav,training-e,1,19.73,18
e01407.wav,training-e,1,25.24,24
e01408.wav,training-e,1,16.4,15
e01409.wav,training-e,1,13.65,12
e01410.wav,training-e,1,19.27,18
e01411.wav,training-e,1,20.03,19
e01412.wav,training-e,1,29.02,28
e01413.wav,training-e,1,38.09,37
e01414.wav,training-e,1,24.26,23
e01415.wav,training-e,1,18.92,17
e01416.wav,training-e,1,22.65,21
e01417.wav,training-e,1,17.87,16
e01418.wav,training-e,1,36.85,35
e01419.wav,training-e,1,25.55,24
e01420.wav,training-e,1,12.95,11
e01421.wav,training-e,-1,10.31,9
e01422.wav,training-e,1,17.1,16
e01423.wav,training-e,1,22.43,21
e01424.wav,training-e,1,23.12,22
e01425.wav,training-e,1,23.89,22
e01426.wav,training-e,1,32.77,31
e01427.wav,training-e,1,35.07,34
e01428.wav,training-e,1,37.44,36
e01429.wav,training-e,1,26.75,25
e01430.wav,training-e,1,31.99,30
e01431.wav,training-e,1,21.61,20
e01432.wav,training-e,1,24.36,23
e01433.wav,training-e,1,19.15,18
e01434.wav,training-e,1,10.68,9
e01435.wav,training-e,1,17.59,16
e01436.wav,training-e,1,27.21,26
e01437.wav,training-e,1,26.03,25
e01438.wav,training-e,1,24.87,23
e01439.wav,training-e,1,27.53,26
e01440.wav,training-e,1,11.44,10
e01441.wav,training-e,1,23.49,22
e01442.wav,training-e,1,20.12,19
e01443.wav,training-e,1,24.09,23
e01444.wav,training-e,1,17.61,16
e01445.wav,training-e,1,25.45,24
e01446.wav,training-e,1,8.99,7
e01447.wav,training-e,1,11.56,10
e01448.wav,training-e,1,17.74,16
e01449.wav,training-e,1,93.76,92
e01450.wav,training-e,1,21.53,20
e01451.wav,training-e,1,17.23,16
e01452.wav,training-e,1,10.39,9
e01453.wav,training-e,1,10.31,9
e01454.wav,training-e,1,19.2,18
e01455.wav,training-e,1,17.48,16
e01456.wav,training-e,1,16.92,15
e01457.wav,training-e,-1,8.13,7
e01458.wav,training-e,1,21.98,20
e01459.wav,training-e,1,19.2,18
e01460.wav,training-e,1,11.51,10
e01461.wav,training-e,-1,20.64,19
e01462.wav,training-e,1,30.99,29
e01463.wav,training-e,1,9.01,8
e01464.wav,training-e,1,13.91,12
e01465.wav,training-e,1,27.03,26
e01466.wav,training-e,1,22.8,21
e01467.wav,training-e,1,21.87,20
e01468.wav,training-e,1,16.21,15
e01469.wav,training-e,1,28.49,27
e01470.wav,training-e,1,21.15,20
e01471.wav,training-e,1,16.09,15
e01472.wav,training-e,1,27.13,26
e01473.wav,training-e,1,16.61,15
e01474.wav,training-e,1,17.65,16
e01475.wav,training-e,1,17.23,16
e01476.wav,training-e,1,17.45,16
e01477.wav,training-e,1,34.39,33
e01478.wav,training-e,1,23.88,22
e01479.wav,training-e,-1,16.77,15
e01480.wav,training-e,1,25.53,24
e01481.wav,training-e,1,15.52,14
e01482.wav,training-e,1,36.0,34
e01483.wav,training-e,-1,11.12,10
e01484.wav,training-e,1,24.09,23
e01485.wav,training-e,1,20.6,19
e01486.wav,training-e,1,16.23,15
e01487.wav,training-e,1,18.5,17
e01488.wav,training-e,1,34.0,32
e01489.wav,training-e,1,36.16,35
e01490.wav,training-e,1,21.14,20
e01491.wav,training-e,1,22.37,21
e01492.wav,training-e,1,19.37,18
e01493.wav,training-e,1,13.43,12
e01494.wav,training-e,-1,22.59,21
e01495.wav,training-e,1,23.25,22
e01496.wav,training-e,1,29.18,28
e01497.wav,training-e,1,17.3,16
e01498.wav,training-e,1,48.78,47
e01499.wav,training-e,1,20.24,19
e01500.wav,training-e,1,35.26,34
e01501.wav,training-e,1,21.47,20
e01502.wav,training-e,-1,22.38,21
e01503.wav,training-e,1,26.09,25
e01504.wav,training-e,1,14.52,13
e01505.wav,training-e,1,46.91,45
e01506.wav,training-e,1,12.37,11
e01507.wav,training-e,1,17.99,16
e01508.wav,training-e,1,18.75,17
e01509.wav,training-e,1,19.95,18
e01510.wav,training-e,1,12.95,11
e01511.wav,training-e,-1,11.24,10
e01512.wav,training-e,1,20.05,19
e01513.wav,training-e,1,16.26,15
e01514.wav,training-e,1,16.06,15
e01515.wav,training-e,1,10.37,9
e01516.wav,training-e,1,39.24,38
e01517.wav,training-e,1,24.0,23
e01518.wav,training-e,1,22.73,21
e01519.wav,training-e,1,18.52,17
e01520.wav,training-e,1,11.46,10
e01521.wav,training-e,1,20.08,19
e01522.wav,training-e,1,29.83,28
e01523.wav,training-e,1,43.23,42
e01524.wav,training-e,1,19.67,18
e01525.wav,training-e,1,24.57,23
e01526.wav,training-e,1,9.94,8
e01527.wav,training-e,1,23.83,22
e01528.wav,training-e,1,63.6,62
e01529.wav,training-e,-1,23.78,22
e01530.wav,training-e,1,13.27,12
e01531.wav,training-e,-1,21.8,20
e01532.wav,training-e,1,24.28,23
e01533.wav,training-e,1,32.41,31
e01534.wav,training-e,1,20.99,19
e01535.wav,training-e,1,27.65,26
e01536.wav,training-e,1,34.87,33
e01537.wav,training-e,1,32.88,31
e01538.wav,training-e,1,38.52,37
e01539.wav,training-e,1,51.74,50
e01540.wav,training-e,1,30.6,29
e01541.wav,training-e,1,12.49,11
e01542.wav,training-e,1,23.06,22
e01543.wav,training-e,1,12.78,11
e01544.wav,training-e,1,22.48,21
e01545.wav,training-e,1,24.18,23
e01546.wav,training-e,1,19.65,18
e01547.wav,training-e,1,32.26,31
e01548.wav,training-e,1,44.79,43
e01549.wav,training-e,1,23.06,22
e01550.wav,training-e,1,47.66,46
e01551.wav,training-e,1,12.07,11
e01552.wav,training-e,1,11.61,10
e01553.wav,training-e,1,24.61,23
e01554.wav,training-e,1,9.56,8
e01555.wav,training-e,1,26.71,25
e01556.wav,training-e,1,20.68,19
e01557.wav,training-e,1,9.74,8
e01558.wav,training-e,1,16.11,15
e01559.wav,training-e,-1,22.29,21
e01560.wav,training-e,1,30.8,29
e01561.wav,training-e,1,8.18,7
e01562.wav,training-e,1,17.64,16
e01563.wav,training-e,1,16.9,15
e01564.wav,training-e,1,28.49,27
e01565.wav,training-e,1,30.49,29
e01566.wav,training-e,1,13.51,12
e01567.wav,training-e,1,20.51,19
e01568.wav,training-e,-1,22.66,21
e01569.wav,training-e,1,20.06,19
e01570.wav,training-e,1,22.96,21
e01571.wav,training-e,1,60.56,59
e01572.wav,training-e,-1,23.78,22
e01573.wav,training-e,1,26.11,25
e01574.wav,training-e,1,16.2,15
e01575.wav,training-e,1,19.15,18
e01576.wav,training-e,1,39.1,38
e01577.wav,training-e,1,22.65,21
e01578.wav,training-e,1,9.19,8
e01579.wav,training-e,1,20.0,19
e01580.wav,training-e,1,18.05,17
e01581.wav,training-e,-1,23.36,22
e01582.wav,training-e,1,26.6,25
e01583.wav,training-e,1,19.05,18
e01584.wav,training-e,1,19.84,18
e01585.wav,training-e,1,22.33,21
e01586.wav,training-e,1,43.42,42
e01587.wav,training-e,1,16.65,15
e01588.wav,training-e,1,15.88,14
e01589.wav,training-e,1,21.47,20
e01590.wav,training-e,1,28.26,27
e01591.wav,training-e,1,16.96,15
e01592.wav,training-e,1,26.12,25
e01593.wav,training-e,1,15.02,14
e01594.wav,training-e,1,28.14,27
e01595.wav,training-e,1,42.82,41
e01596.wav,training-e,1,14.71,13
e01597.wav,training-e,1,36.24,35
e01598.wav,training-e,1,13.01,12
e01599.wav,training-e,1,41.02,40
e01600.wav,training-e,1,11.17,10
e01601.wav,training-e,-1,63.13,62
e01602.wav,training-e,-1,40.82,39
e01603.wav,training-e,1,13.67,12
e01604.wav,training-e,1,44.29,43
e01605.wav,training-e,-1,21.83,20
e01606.wav,training-e,1,20.28,19
e01607.wav,training-e,1,55.03,54
e01608.wav,training-e,1,16.68,15
e01609.wav,training-e,1,17.79,16
e01610.wav,training-e,1,18.84,17
e01611.wav,training-e,1,24.88,23
e01612.wav,training-e,1,32.29,31
e01613.wav,training-e,1,49.55,48
e01614.wav,training-e,1,22.74,21
e01615.wav,training-e,1,19.07,18
e01616.wav,training-e,1,17.67,16
e01617.wav,training-e,1,8.24,7
e01618.wav,training-e,1,30.5,29
e01619.wav,training-e,1,23.84,22
e01620.wav,training-e,1,23.28,22
e01621.wav,training-e,1,18.79,17
e01622.wav,training-e,1,27.81,26
e01623.wav,training-e,-1,19.67,18
e01624.wav,training-e,1,19.79,18
e01625.wav,training-e,1,22.82,21
e01626.wav,training-e,1,12.03,11
e01627.wav,training-e,1,28.97,27
e01628.wav,training-e,1,17.14,16
e01629.wav,training-e,1,25.68,24
e01630.wav,training-e,1,20.23,19
e01631.wav,training-e,1,9.56,8
e01632.wav,training-e,1,24.86,23
e01633.wav,training-e,1,28.47,27
e01634.wav,training-e,1,9.93,8
e01635.wav,training-e,1,18.12,17
e01636.wav,training-e,1,18.16,17
e01637.wav,training-e,-1,22.45,21
e01638.wav,training-e,-1,20.32,19
e01639.wav,training-e,1,49.8,48
e01640.wav,training-e,1,13.62,12
e01641.wav,training-e,1,16.24,15
e01642.wav,training-e,1,10.01,9
e01643.wav,training-e,1,21.93,20
e01644.wav,training-e,1,25.43,24
e01645.wav,training-e,1,19.12,18
e01646.wav,training-e,1,17.51,16
e01647.wav,training-e,1,18.95,17
e01648.wav,training-e,1,12.92,11
e01649.wav,training-e,1,13.43,12
e01650.wav,training-e,1,18.32,17
e01651.wav,training-e,-1,25.58,24
e01652.wav,training-e,1,11.29,10
e01653.wav,training-e,1,8.07,7
e01654.wav,training-e,1,31.9,30
e01655.wav,training-e,1,31.01,30
e01656.wav,training-e,1,14.53,13
e01657.wav,training-e,1,17.99,16
e01658.wav,training-e,1,36.95,35
e01659.wav,training-e,1,9.22,8
e01660.wav,training-e,1,21.42,20
e01661.wav,training-e,-1,9.5,8
e01662.wav,training-e,1,21.0,20
e01663.wav,training-e,1,10.5,9
e01664.wav,training-e,1,39.36,38
e01665.wav,training-e,-1,23.13,22
e01666.wav,training-e,1,23.32,22
e01667.wav,training-e,1,18.19,17
e01668.wav,training-e,-1,28.84,27
e01669.wav,training-e,1,9.88,8
e01670.wav,training-e,1,18.97,17
e01671.wav,training-e,1,77.0,75
e01672.wav,training-e,1,28.23,27
e01673.wav,training-e,1,25.5,24
e01674.wav,training-e,1,13.88,12
e01675.wav,training-e,1,22.94,21
e01676.wav,training-e,1,19.41,18
e01677.wav,training-e,1,10.89,9
e01678.wav,training-e,1,25.34,24
e01679.wav,training-e,1,9.59,8
e01680.wav,training-e,1,14.82,13
e01681.wav,training-e,1,64.32,63
e01682.wav,training-e,1,20.08,19
e01683.wav,training-e,1,10.45,9
e01684.wav,training-e,-1,11.45,10
e01685.wav,training-e,1,24.88,23
e01686.wav,training-e,-1,20.18,19
e01687.wav,training-e,1,30.68,29
e01688.wav,training-e,1,19.0,17
e01689.wav,training-e,-1,8.48,7
e01690.wav,training-e,1,28.78,27
e01691.wav,training-e,1,14.33,13
e01692.wav,training-e,1,22.57,21
e01693.wav,training-e,1,26.46,25
e01694.wav,training-e,1,18.99,17
e01695.wav,training-e,1,14.97,13
e01696.wav,training-e,1,49.67,48
e01697.wav,training-e,-1,21.04,20
e01698.wav,training-e,1,20.56,19
e01699.wav,training-e,1,18.39,17
e01700.wav,training-e,1,24.92,23
e01701.wav,training-e,1,34.2,33
e01702.wav,training-e,1,21.93,20
e01703.wav,training-e,1,17.54,16
e01704.wav,training-e,1,21.44,20
e01705.wav,training-e,1,17.69,16
e01706.wav,training-e,1,25.27,24
e01707.wav,training-e,1,21.39,20
e01708.wav,training-e,1,27.1,26
e01709.wav,training-e,1,15.53,14
e01710.wav,training-e,1,42.34,41
e01711.wav,training-e,-1,23.78,22
e01712.wav,training-e,1,10.68,9
e01713.wav,training-e,1,10.9,9
e01714.wav,training-e,1,24.89,23
e01715.wav,training-e,1,24.69,23
e01716.wav,training-e,1,25.32,24
e01717.wav,training-e,1,8.06,7
e01718.wav,training-e,1,14.24,13
e01719.wav,training-e,-1,20.57,19
e01720.wav,training-e,1,9.96,8
e01721.wav,training-e,1,29.27,28
e01722.wav,training-e,1,12.82,11
e01723.wav,training-e,1,20.56,19
e01724.wav,training-e,1,8.47,7
e01725.wav,training-e,1,17.02,16
e01726.wav,training-e,1,23.09,22
e01727.wav,training-e,1,49.65,48
e01728.wav,training-e,1,18.47,17
e01729.wav,training-e,1,20.2,19
e01730.wav,training-e,1,24.05,23
e01731.wav,training-e,1,9.93,8
e01732.wav,training-e,-1,32.65,31
e01733.wav,training-e,1,16.36,15
e01734.wav,training-e,1,18.03,17
e01735.wav,training-e,1,18.61,17
e01736.wav,training-e,1,24.71,23
e01737.wav,training-e,1,9.79,8
e01738.wav,training-e,1,15.01,14
e01739.wav,training-e,1,14.84,13
e01740.wav,training-e,1,25.67,24
e01741.wav,training-e,1,20.51,19
e01742.wav,training-e,1,28.11,27
e01743.wav,training-e,1,57.36,56
e01744.wav,training-e,1,9.8,8
e01745.wav,training-e,1,13.46,12
e01746.wav,training-e,1,37.78,36
e01747.wav,training-e,1,19.97,18
e01748.wav,training-e,1,14.5,13
e01749.wav,training-e,1,14.97,13
e01750.wav,training-e,1,23.36,22
e01751.wav,training-e,1,31.77,30
e01752.wav,training-e,1,15.56,14
e01753.wav,training-e,1,47.31,46
e01754.wav,training-e,1,12.77,11
e01755.wav,training-e,1,14.22,13
e01756.wav,training-e,-1,20.62,19
e01757.wav,training-e,1,19.68,18
e01758.wav,training-e,1,15.05,14
e01759.wav,training-e,1,19.46,18
e01760.wav,training-e,1,20.26,19
e01761.wav,training-e,1,13.72,12
e01762.wav,training-e,1,41.34,40
e01763.wav,training-e,1,14.58,13
e01764.wav,training-e,1,8.24,7
e01765.wav,training-e,1,57.39,56
e01766.wav,training-e,-1,22.38,21
e01767.wav,training-e,1,18.94,17
e01768.wav,training-e,1,16.18,15
e01769.wav,training-e,1,30.31,29
e01770.wav,training-e,1,42.24,41
e01771.wav,training-e,1,15.91,14
e01772.wav,training-e,1,34.75,33
e01773.wav,training-e,1,17.13,16
e01774.wav,training-e,1,21.45,20
e01775.wav,training-e,1,25.34,24
e01776.wav,training-e,1,18.7,17
e01777.wav,training-e,1,97.02,96
e01778.wav,training-e,1,23.87,22
e01779.wav,training-e,1,64.84,63
e01780.wav,training-e,1,38.54,37
e01781.wav,training-e,1,17.15,16
e01782.wav,training-e,1,15.3,14
e01783.wav,training-e,1,22.53,21
e01784.wav,training-e,1,29.77,28
e01785.wav,training-e,1,20.12,19
e01786.wav,training-e,1,18.45,17
e01787.wav,training-e,-1,13.75,12
e01788.wav,training-e,1,22.75,21
e01789.wav,training-e,1,20.56,19
e01790.wav,training-e,1,8.98,7
e01791.wav,training-e,-1,23.27,22
e01792.wav,training-e,1,18.81,17
e01793.wav,training-e,1,19.22,18
e01794.wav,training-e,1,13.73,12
e01795.wav,training-e,1,12.84,11
e01796.wav,training-e,1,23.09,22
e01797.wav,training-e,1,15.46,14
e01798.wav,training-e,1,26.77,25
e01799.wav,training-e,1,24.75,23
e01800.wav,training-e,1,20.64,19
e01801.wav,training-e,1,13.11,12
e01802.wav,training-e,1,20.46,19
e01803.wav,training-e,1,29.16,28
e01804.wav,training-e,1,19.22,18
e01805.wav,training-e,1,14.15,13
e01806.wav,training-e,1,35.37,34
e01807.wav,training-e,1,94.72,93
e01808.wav,training-e,1,16.41,15
e01809.wav,training-e,1,12.51,11
e01810.wav,training-e,1,11.18,10
e01811.wav,training-e,1,26.91,25
e01812.wav,training-e,-1,11.01,10
e01813.wav,training-e,1,21.19,20
e01814.wav,training-e,1,30.07,29
e01815.wav,training-e,1,10.08,9
e01816.wav,training-e,1,38.05,37
e01817.wav,training-e,1,21.9,20
e01818.wav,training-e,1,26.18,25
e01819.wav,training-e,1,15.68,14
e01820.wav,training-e,1,33.69,32
e01821.wav,training-e,1,21.2,20
e01822.wav,training-e,1,11.74,10
e01823.wav,training-e,1,19.98,18
e01824.wav,training-e,-1,23.78,22
e01825.wav,training-e,1,15.37,14
e01826.wav,training-e,1,18.68,17
e01827.wav,training-e,1,23.97,22
e01828.wav,training-e,1,31.35,30
e01829.wav,training-e,1,43.06,42
e01830.wav,training-e,1,21.35,20
e01831.wav,training-e,1,16.23,15
e01832.wav,training-e,-1,23.5,22
e01833.wav,training-e,1,22.41,21
e01834.wav,training-e,1,27.89,26
e01835.wav,training-e,1,21.96,20
e01836.wav,training-e,1,9.05,8
e01837.wav,training-e,1,13.95,12
e01838.wav,training-e,1,10.94,9
e01839.wav,training-e,1,29.49,28
e01840.wav,training-e,1,23.57,22
e01841.wav,training-e,1,15.42,14
e01842.wav,training-e,1,21.55,20
e01843.wav,training-e,1,31.38,30
e01844.wav,training-e,1,9.41,8
e01845.wav,training-e,1,18.0,17
e01846.wav,training-e,-1,16.0,14
e01847.wav,training-e,1,24.03,23
e01848.wav,training-e,-1,14.61,13
e01849.wav,training-e,1,32.04,31
e01850.wav,training-e,1,20.89,19
e01851.wav,training-e,1,31.49,30
e01852.wav,training-e,1,19.55,18
e01853.wav,training-e,1,11.27,10
e01854.wav,training-e,1,19.48,18
e01855.wav,training-e,-1,9.43,8
e01856.wav,training-e,-1,14.88,13
e01857.wav,training-e,-1,10.08,9
e01858.wav,training-e,1,24.33,23
e01859.wav,training-e,1,28.09,27
e01860.wav,training-e,1,22.18,21
e01861.wav,training-e,1,20.98,19
e01862.wav,training-e,1,26.71,25
e01863.wav,training-e,1,15.9,14
e01864.wav,training-e,1,36.31,35
e01865.wav,training-e,1,16.12,15
e01866.wav,training-e,1,18.41,17
e01867.wav,training-e,-1,15.42,14
e01868.wav,training-e,1,26.39,25
e01869.wav,training-e,-1,23.03,22
e01870.wav,training-e,1,24.64,23
e01871.wav,training-e,1,24.68,23
e01872.wav,training-e,1,17.67,16
e01873.wav,training-e,1,22.38,21
e01874.wav,training-e,1,30.14,29
e01875.wav,training-e,1,9.11,8
e01876.wav,training-e,1,42.13,41
e01877.wav,training-e,1,26.93,25
e01878.wav,training-e,1,17.95,16
e01879.wav,training-e,1,28.5,27
e01880.wav,training-e,1,20.61,19
e01881.wav,training-e,-1,12.65,11
e01882.wav,training-e,1,32.91,31
e01883.wav,training-e,1,25.95,24
e01884.wav,training-e,1,16.02,15
e01885.wav,training-e,1,18.3,17
e01886.wav,training-e,1,12.93,11
e01887.wav,training-e,1,16.33,15
e01888.wav,training-e,1,19.22,18
e01889.wav,training-e,1,13.4,12
e01890.wav,training-e,1,18.34,17
e01891.wav,training-e,1,19.14,18
e01892.wav,training-e,1,39.67,38
e01893.wav,training-e,1,17.59,16
e01894.wav,training-e,1,36.24,35
e01895.wav,training-e,1,23.24,22
e01896.wav,training-e,1,41.44,40
e01897.wav,training-e,1,11.47,10
e01898.wav,training-e,1,32.09,31
e01899.wav,training-e,1,100.97,99
e01900.wav,training-e,1,23.17,22
e01901.wav,training-e,1,30.24,29
e01902.wav,training-e,1,12.59,11
e01903.wav,training-e,1,27.68,26
e01904.wav,training-e,1,9.26,8
e01905.wav,training-e,1,23.26,22
e01906.wav,training-e,1,21.91,20
e01907.wav,training-e,1,14.33,13
e01908.wav,training-e,1,35.29,34
e01909.wav,training-e,1,26.99,25
e01910.wav,training-e,1,22.77,21
e01911.wav,training-e,1,17.61,16
e01912.wav,training-e,1,15.52,14
e01913.wav,training-e,1,22.7,21
e01914.wav,training-e,1,12.94,11
e01915.wav,training-e,1,13.68,12
e01916.wav,training-e,1,13.84,12
e01917.wav,training-e,-1,22.41,21
e01918.wav,training-e,1,17.86,16
e01919.wav,training-e,1,25.64,24
e01920.wav,training-e,1,23.41,22
e01921.wav,training-e,1,41.11,40
e01922.wav,training-e,-1,19.97,18
e01923.wav,training-e,1,16.91,15
e01924.wav,training-e,1,21.78,20
e01925.wav,training-e,1,22.99,21
e01926.wav,training-e,1,19.03,18
e01927.wav,training-e,1,21.39,20
e01928.wav,training-e,1,38.72,37
e01929.wav,training-e,-1,32.93,31
e01930.wav,training-e,1,18.38,17
e01931.wav,training-e,1,18.81,17
e01932.wav,training-e,1,16.09,15
e01933.wav,training-e,1,22.93,21
e01934.wav,training-e,1,17.22,16
e01935.wav,training-e,1,14.74,13
e01936.wav,training-e,1,21.27,20
e01937.wav,training-e,1,35.68,34
e01938.wav,training-e,1,37.38,36
e01939.wav,training-e,1,18.22,17
e01940.wav,training-e,1,12.3,11
e01941.wav,training-e,1,20.83,19
e01942.wav,training-e,1,10.31,9
e01943.wav,training-e,1,17.22,16
e01944.wav,training-e,1,27.13,26
e01945.wav,training-e,1,49.94,48
e01946.wav,training-e,1,12.9,11
e01947.wav,training-e,1,8.12,7
e01948.wav,training-e,1,22.4,21
e01949.wav,training-e,1,26.96,25
e01950.wav,training-e,1,28.57,27
e01951.wav,training-e,1,41.3,40
e01952.wav,training-e,1,26.26,25
e01953.wav,training-e,-1,12.12,11
e01954.wav,training-e,1,41.06,40
e01955.wav,training-e,1,11.91,10
e01956.wav,training-e,1,14.88,13
e01957.wav,training-e,1,10.39,9
e01958.wav,training-e,1,22.59,21
e01959.wav,training-e,1,30.7,29
e01960.wav,training-e,1,18.42,17
e01961.wav,training-e,1,40.15,39
e01962.wav,training-e,-1,8.82,7
e01963.wav,training-e,1,16.32,15
e01964.wav,training-e,1,19.29,18
e01965.wav,training-e,1,15.76,14
e01966.wav,training-e,1,23.68,22
e01967.wav,training-e,-1,23.68,22
e01968.wav,training-e,1,21.2,20
e01969.wav,training-e,1,9.91,8
e01970.wav,training-e,1,21.36,20
e01971.wav,training-e,-1,14.65,13
e01972.wav,training-e,1,17.78,16
e01973.wav,training-e,1,38.91,37
e01974.wav,training-e,1,44.98,43
e01975.wav,training-e,1,50.76,49
e01976.wav,training-e,1,48.48,47
e01977.wav,training-e,1,12.94,11
e01978.wav,training-e,-1,19.06,18
e01979.wav,training-e,1,38.08,37
e01980.wav,training-e,1,14.44,13
e01981.wav,training-e,1,35.94,34
e01982.wav,training-e,1,30.77,29
e01983.wav,training-e,1,19.55,18
e01984.wav,training-e,1,14.22,13
e01985.wav,training-e,1,18.25,17
e01986.wav,training-e,1,46.92,45
e01987.wav,training-e,1,18.11,17
e01988.wav,training-e,1,16.63,15
e01989.wav,training-e,1,17.36,16
e01990.wav,training-e,1,11.23,10
e01991.wav,training-e,1,10.36,9
e01992.wav,training-e,-1,23.78,22
e01993.wav,training-e,1,64.23,63
e01994.wav,training-e,1,15.94,14
e01995.wav,training-e,-1,21.5,20
e01996.wav,training-e,1,26.85,25
e01997.wav,training-e,1,14.04,13
e01998.wav,training-e,1,22.09,21
e01999.wav,training-e,1,10.89,9
e02000.wav,training-e,1,26.79,25
e02001.wav,training-e,1,22.81,21
e02002.wav,training-e,1,17.49,16
e02003.wav,training-e,1,64.29,63
e02004.wav,training-e,1,13.46,12
e02005.wav,training-e,1,15.25,14
e02006.wav,training-e,1,9.16,8
e02007.wav,training-e,1,19.51,18
e02008.wav,training-e,1,17.57,16
e02009.wav,training-e,1,27.92,26
e02010.wav,training-e,1,21.11,20
e02011.wav,training-e,1,22.05,21
e02012.wav,training-e,1,18.66,17
e02013.wav,training-e,1,19.94,18
e02014.wav,training-e,1,33.44,32
e02015.wav,training-e,1,10.57,9
e02016.wav,training-e,1,21.45,20
e02017.wav,training-e,1,43.79,42
e02018.wav,training-e,1,42.26,41
e02019.wav,training-e,1,17.21,16
e02020.wav,training-e,1,18.6,17
e02021.wav,training-e,1,14.82,13
e02022.wav,training-e,1,32.76,31
e02023.wav,training-e,1,16.95,15
e02024.wav,training-e,1,29.09,28
e02025.wav,training-e,1,29.15,28
e02026.wav,training-e,1,24.94,23
e02027.wav,training-e,1,22.91,21
e02028.wav,training-e,1,38.02,37
e02029.wav,training-e,1,13.51,12
e02030.wav,training-e,-1,16.77,15
e02031.wav,training-e,1,9.17,8
e02032.wav,training-e,-1,9.5,8
e02033.wav,training-e,1,33.18,32
e02034.wav,training-e,1,21.39,20
e02035.wav,training-e,1,24.5,23
e02036.wav,training-e,1,41.58,40
e02037.wav,training-e,1,25.53,24
e02038.wav,training-e,1,51.21,50
e02039.wav,training-e,1,11.22,10
e02040.wav,training-e,1,38.95,37
e02041.wav,training-e,1,8.82,7
e02042.wav,training-e,1,31.93,30
e02043.wav,training-e,1,21.9,20
e02044.wav,training-e,-1,31.29,30
e02045.wav,training-e,1,20.89,19
e02046.wav,training-e,1,21.11,20
e02047.wav,training-e,1,21.88,20
e02048.wav,training-e,1,38.83,37
e02049.wav,training-e,1,54.2,53
e02050.wav,training-e,1,21.05,20
e02051.wav,training-e,1,18.09,17
e02052.wav,training-e,1,9.65,8
e02053.wav,training-e,1,24.69,23
e02054.wav,training-e,1,21.49,20
e02055.wav,training-e,1,14.75,13
e02056.wav,training-e,1,14.93,13
e02057.wav,training-e,1,12.47,11
e02058.wav,training-e,1,31.44,30
e02059.wav,training-e,1,11.52,10
e02060.wav,training-e,1,30.42,29
e02061.wav,training-e,1,14.56,13
e02062.wav,training-e,1,21.94,20
e02063.wav,training-e,1,18.75,17
e02064.wav,training-e,1,31.98,30
e02065.wav,training-e,-1,15.88,14
e02066.wav,training-e,1,10.99,9
e02067.wav,training-e,1,25.19,24
e02068.wav,training-e,1,8.09,7
e02069.wav,training-e,1,37.53,36
e02070.wav,training-e,1,12.36,11
e02071.wav,training-e,1,18.15,17
e02072.wav,training-e,1,11.03,10
e02073.wav,training-e,1,19.55,18
e02074.wav,training-e,-1,20.18,19
e02075.wav,training-e,1,30.13,29
e02076.wav,training-e,1,25.57,24
e02077.wav,training-e,1,37.77,36
e02078.wav,training-e,1,8.7,7
e02079.wav,training-e,1,26.57,25
e02080.wav,training-e,1,31.39,30
e02081.wav,training-e,1,15.92,14
e02082.wav,training-e,1,18.99,17
e02083.wav,training-e,1,16.61,15
e02084.wav,training-e,1,30.73,29
e02085.wav,training-e,-1,12.96,11
e02086.wav,training-e,1,20.68,19
e02087.wav,training-e,1,9.23,8
e02088.wav,training-e,1,18.95,17
e02089.wav,training-e,1,9.59,8
e02090.wav,training-e,1,22.36,21
e02091.wav,training-e,1,28.78,27
e02092.wav,training-e,1,12.89,11
e02093.wav,training-e,1,16.0,15
e02094.wav,training-e,1,36.56,35
e02095.wav,training-e,1,15.32,14
e02096.wav,training-e,1,17.32,16
e02097.wav,training-e,-1,16.77,15
e02098.wav,training-e,1,13.37,12
e02099.wav,training-e,1,31.09,30
e02100.wav,training-e,1,12.27,11
e02101.wav,training-e,-1,11.84,10
e02102.wav,training-e,-1,23.34,22
e02103.wav,training-e,1,25.51,24
e02104.wav,training-e,1,15.56,14
e02105.wav,training-e,1,22.09,21
e02106.wav,training-e,1,19.59,18
e02107.wav,training-e,1,22.88,21
e02108.wav,training-e,-1,19.2,18
e02109.wav,training-e,1,25.29,24
e02110.wav,training-e,1,14.52,13
e02111.wav,training-e,1,22.66,21
e02112.wav,training-e,1,20.72,19
e02113.wav,training-e,1,17.45,16
e02114.wav,training-e,1,31.13,30
e02115.wav,training-e,1,9.08,8
e02116.wav,training-e,1,22.43,21
e02117.wav,training-e,1,26.8,25
e02118.wav,training-e,1,21.27,20
e02119.wav,training-e,1,11.2,10
e02120.wav,training-e,1,24.49,23
e02121.wav,training-e,-1,12.56,11
e02122.wav,training-e,1,19.87,18
e02123.wav,training-e,1,17.48,16
e02124.wav,training-e,1,8.53,7
e02125.wav,training-e,1,23.77,22
e02126.wav,training-e,-1,20.29,19
e02127.wav,training-e,1,32.4,31
e02128.wav,training-e,1,22.48,21
e02129.wav,training-e,1,16.41,15
e02130.wav,training-e,1,11.94,10
e02131.wav,training-e,1,14.9,13
e02132.wav,training-e,1,36.31,35
e02133.wav,training-e,-1,14.42,13
e02134.wav,training-e,1,13.08,12
e02135.wav,training-e,-1,12.56,11
e02136.wav,training-e,1,22.03,21
e02137.wav,training-e,-1,21.25,20
e02138.wav,training-e,1,23.74,22
e02139.wav,training-e,1,12.28,11
e02140.wav,training-e,1,27.21,26
e02141.wav,training-e,1,27.5,26
f0001.wav,training-f,1,31.82,30
f0002.wav,training-f,1,30.34,29
f0003.wav,training-f,-1,31.82,30
f0004.wav,training-f,1,35.14,34
f0005.wav,training-f,1,39.74,38
f0006.wav,training-f,1,32.21,31
f0007.wav,training-f,-1,30.43,29
f0008.wav,training-f,-1,42.34,41
f0009.wav,training-f,1,30.43,29
f0010.wav,training-f,1,32.45,31
f0011.wav,training-f,1,59.62,58
f0012.wav,training-f,-1,33.36,32
f0013.wav,training-f,1,34.27,33
f0014.wav,training-f,1,43.1,42
f0015.wav,training-f,1,31.58,30
f0016.wav,training-f,1,31.63,30
f0017.wav,training-f,1,31.82,30
f0018.wav,training-f,-1,30.53,29
f0019.wav,training-f,1,30.67,29
f0020.wav,training-f,-1,30.86,29
f0021.wav,training-f,1,32.35,31
f0022.wav,training-f,1,30.48,29
f0023.wav,training-f,1,30.58,29
f0024.wav,training-f,1,32.16,31
f0025.wav,training-f,1,34.51,33
f0026.wav,training-f,1,31.63,30
f0027.wav,training-f,1,29.95,28
f0028.wav,training-f,1,34.13,33
f0029.wav,training-f,-1,32.54,31
f0030.wav,training-f,1,33.55,32
f0031.wav,training-f,1,31.54,30
f0032.wav,training-f,1,30.82,29
f0033.wav,training-f,1,31.73,30
f0034.wav,training-f,-1,32.26,31
f0035.wav,training-f,-1,32.3,31
f0036.wav,training-f,1,30.48,29
f0037.wav,training-f,1,32.77,31
f0038.wav,training-f,1,32.93,31
f0039.wav,training-f,1,35.04,34
f0040.wav,training-f,1,31.49,30
f0041.wav,training-f,-1,39.55,38
f0042.wav,training-f,1,32.4,31
f0043.wav,training-f,1,35.18,34
f0044.wav,training-f,1,30.1,29
f0045.wav,training-f,-1,35.95,34
f0046.wav,training-f,1,39.65,38
f0047.wav,training-f,-1,31.73,30
f0048.wav,training-f,1,32.3,31
f0049.wav,training-f,1,33.22,32
f0050.wav,training-f,-1,30.43,29
f0051.wav,training-f,1,31.25,30
f0052.wav,training-f,-1,33.41,32
f0053.wav,training-f,1,32.59,31
f0054.wav,training-f,1,30.96,29
f0055.wav,training-f,1,34.51,33
f0056.wav,training-f,-1,30.86,29
f0057.wav,training-f,-1,31.06,30
f0058.wav,training-f,1,40.61,39
f0059.wav,training-f,1,52.32,51
f0060.wav,training-f,-1,31.3,30
f0061.wav,training-f,1,30.77,29
f0062.wav,training-f,1,31.25,30
f0063.wav,training-f,-1,31.2,30
f0064.wav,training-f,-1,34.9,33
f0065.wav,training-f,1,29.66,28
f0066.wav,training-f,1,30.29,29
f0067.wav,training-f,-1,32.88,31
f0068.wav,training-f,-1,33.5,32
f0069.wav,training-f,-1,33.7,32
f0070.wav,training-f,1,31.34,30
f0071.wav,training-f,-1,30.67,29
f0072.wav,training-f,-1,30.69,29
f0073.wav,training-f,1,30.91,29
f0074.wav,training-f,1,33.89,32
f0075.wav,training-f,1,30.96,29
f0076.wav,training-f,1,32.78,31
f0077.wav,training-f,1,33.89,32
f0078.wav,training-f,1,32.78,31
f0079.wav,training-f,-1,36.58,35
f0080.wav,training-f,1,30.57,29
f0081.wav,training-f,1,31.1,30
f0082.wav,training-f,-1,31.54,30
f0083.wav,training-f,-1,35.38,34
f0084.wav,training-f,1,34.22,33
f0085.wav,training-f,-1,30.05,29
f0086.wav,training-f,1,31.68,30
f0087.wav,training-f,1,31.78,30
f0088.wav,training-f,1,31.25,30
f0089.wav,training-f,-1,32.45,31
f0090.wav,training-f,-1,30.0,29
f0091.wav,training-f,1,37.34,36
f0092.wav,training-f,1,31.82,30
f0093.wav,training-f,-1,30.67,29
f0094.wav,training-f,1,30.34,29
f0095.wav,training-f,1,41.09,40
f0096.wav,training-f,-1,32.5,31
f0097.wav,training-f,1,56.69,55
f0098.wav,training-f,1,29.62,28
f0099.wav,training-f,-1,30.49,29
f0100.wav,training-f,1,31.34,30
f0101.wav,training-f,1,30.96,29
f0102.wav,training-f,1,31.15,30
f0103.wav,training-f,-1,31.73,30
f0104.wav,training-f,1,30.86,29
f0105.wav,training-f,1,30.34,29
f0106.wav,training-f,1,32.32,31
f0107.wav,training-f,1,30.58,29
f0108.wav,training-f,1,30.53,29
f0109.wav,training-f,1,30.77,29
f0110.wav,training-f,1,30.67,29
f0111.wav,training-f,1,29.38,28
f0112.wav,training-f,1,30.43,29
f0113.wav,training-f,1,32.98,31
f0114.wav,training-f,1,31.39,30
